단어,빈도수
영화,1663
원더우먼,757
액션,686
스토리,585
재미,483
히어로,381
진짜,376
기대,337
시간,316
그냥,279
갤가돗,262
생각,259
보고,247
정말,230
감독,227
연출,192
지루,185
감동,183
빌런,183
장면,175
개연성,175
마블,174
사람,170
느낌,169
최악,169
유치,161
소원,160
연기,158
정도,156
배우,140
실망,140
평점,139
별로,132
마지막,130
다가,127
하나,124
코로나,122
노잼,116
내용,115
처음,112
수준,111
영상,104
초반,102
전작,99
부분,98
역시,97
최고,97
중간,95
전개,93
사랑,92
주인공,88
년대,86
극장,86
작품,82
이나,81
슈퍼맨,80
조금,78
처럼,77
자체,75
부터,75
때문,75
매력,74
악당,74
보기,74
타임,73
전편,73
지금,72
세상,72
이상,72
디씨,70
영화관,69
쓰레기,67
교훈,67
여자,67
음악,67
여주,67
솔직,67
다시,66
오랜만,66
부족,63
이야기,63
그나,63
개봉,63
무슨,62
추천,62
이번,61
이유,60
려고,60
쿠키,59
진실,58
캐릭터,57
다이애나,57
드라마,57
필요,56
시작,55
지루함,55
모든,54
후반,53
크리스,53
뭔가,53
아무,53
메세지,52
영화인,52
화려,52
이해,51
완전,51
나름,50
인간,49
러닝,49
이하,49
내내,49
시대,49
한번,48
다른,47
결말,47
눈물,46
배경,46
억지,46
가지,45
신파,45
인적,44
루하,44
예고편,44
만하,44
더니,44
올해,44
로맨스,43
지고,43
아주,43
관객,42
아하,42
충분,42
편이,42
영웅,41
하늘,41
우리,41
감성,41
각하,40
감상,40
제발,40
치타,40
악역,40
여성,40
아름,40
년도,40
스티브,39
린다,39
가장,39
포기,39
만족,39
차라리,39
계속,39
요즘,39
갑자기,38
망작,38
이제,38
모두,38
몰입,38
메시지,38
상미,38
다운,37
위해,37
어도,37
절대,37
보시,37
남자,37
아들,37
전혀,36
건가,36
중반,36
대사,36
해도,36
대한,36
지도,36
다만,36
간만,36
능력,35
포인트,35
거지,35
욕심,35
이영화,35
제일,35
어가,35
볼거리,35
만큼,35
한스,35
짐머,35
크리스마스,35
미모,34
문제,34
무엇,34
확실,34
구나,34
설정,33
진심,33
일단,33
아가,33
역대,33
마무리,33
이정,32
기도,32
치하,32
갈수록,32
시국,32
주제,32
어이,31
모습,31
무비,31
물이,31
관람,31
수가,31
아쿠아,31
배트맨,31
캣츠,31
우먼,30
미국,30
동안,30
안보,30
기억,30
맥스,30
엉망,30
가족,30
까운,29
집중,29
다음,29
시리즈,29
웃음,29
영화로,29
보이,29
던데,28
연기력,28
그것,28
카터,28
소재,28
선택,28
제목,28
제대로,28
약간,28
바바라,28
킬링타임,28
여전,28
이지,28
알바,28
원더,27
체적,27
스케일,27
는걸,27
후회,27
황금,27
어디,27
도대체,27
의미,26
갑옷,26
이후,26
해주,26
기분,26
얼굴,26
서사,26
낭비,26
마음,25
욕망,25
거나,25
액션영화,25
시기,25
뜬금,24
해지,24
아이,24
화보,24
굳이,24
대하,24
인생,24
표현,24
만해,24
었다,24
전달,24
로드,24
상영,24
레트로,23
편의,23
래서,23
웅장,23
수도,23
각본,23
거리,23
줄거리,23
어색,23
매우,23
안타,22
감정,22
가슴,22
자기,22
옛날,22
자신,22
그게,22
마저,22
만화,22
어진,22
라서,22
연말,22
페드로,22
아쉬움,22
다소,22
시원,22
질질,21
분위기,21
인류,21
참고,21
런닝,21
대로,21
상황,21
오프닝,21
파스칼,21
흥미,20
퇴보,20
사실,20
전하,20
공감,20
페미,20
전부,20
크게,20
감사,20
저스티스리그,19
이기,19
주연,19
비교,19
졸작,19
거의,19
단순,19
희망,19
진부,19
평가,19
난방,19
추억,19
리뷰,19
행복,19
바로,18
외모,18
루즈,18
허경영,18
허무,18
중구,18
초딩,18
댓글,18
대체,18
우뢰매,18
시절,18
완성,18
이면,18
한편,18
간다,17
여서,17
긴장감,17
안나,17
아동,17
스타일,17
속편,17
아빠,17
진행,17
엔딩,17
한마디,17
점수,17
라면,17
조커,17
원래,17
전체,17
두시,17
헐리우드,17
기하,17
마스크,17
억지로,17
오락,16
도면,16
장르,16
레버,16
고자,16
남아,16
대박,16
명작,16
오지,16
점도,16
시나리오,16
언제,16
언니,16
임팩트,16
항상,16
원작,16
제작비,16
나중,16
노력,16
가요,16
화중,16
자동차극장,16
편도,16
살짝,16
알라딘,16
아직,15
헤어,15
얘기,15
런가,15
유의,15
파워,15
비중,15
이상하,15
리지,15
지나,15
음으로,15
형편,15
결론,15
라가,15
빈약,15
전형,15
대작,15
의문,15
완벽,15
니지,15
멜로,15
족하,15
반적,15
또한,15
스파이더맨,15
마이티,15
존재,15
설득,14
성하,14
드립,14
트럼프,14
다린,14
얼마나,14
슈퍼,14
스톤,14
오늘,14
아야,14
신파극,14
다리,14
인정,14
만점,14
나머지,14
덕분,14
머리,14
잘만,14
전투씬,14
소리,14
서도,14
뮤지컬,14
그닥,14
순간,14
강하,14
낫다,13
제작,13
상한,13
물의,13
소름,13
유니버스,13
설명,13
출연,13
분량,13
스나이더,13
과정,13
요소,13
는가,13
등장,13
오그,13
신도,13
하자,13
막판,13
지니,13
비행기,13
어간,13
블록버스터,13
혼자,13
조잡,13
싸움,13
여러,13
정의,13
인물,13
달리,13
이따,13
대안,13
스스로,13
분만,13
위로,13
예전,13
끝내,12
일부러,12
대감,12
점점,12
나은,12
동화,12
성장,12
하니,12
어린이,12
강추,12
퀄리티,12
중요,12
채찍,12
탐욕,12
섹시,12
로서,12
주제가,12
가면,12
여기,12
짜증,12
전투,12
공짜,12
밧줄,12
구성,12
편집,12
마치,12
재밋,12
역할,12
런들,12
여배우,12
말로,11
아보,11
디시,11
평화,11
고민,11
네이버,11
은지,11
후속작,11
저스티스,11
대충,11
이루,11
사건,11
코믹스,11
분명,11
누가,11
아이언맨,11
성인,11
효과,11
흥행,11
화가,11
개판,11
램프,11
미도,11
바람,11
반도,11
쇼핑몰,11
거짓,11
누구,11
원조,11
자리,11
남친,11
황당,11
심형래,11
판타지,11
기존,11
팔이,11
라지,11
우기,11
누나,11
캐리,11
진정,11
가치,11
사하,11
불가,11
오히려,11
몸매,11
무료,10
꿀잼,10
혹평,10
슈퍼히어로,10
여준,10
아해,10
오브,10
무조건,10
간반,10
최고다,10
여러분,10
평범,10
인상,10
일어,10
그거,10
달라,10
려면,10
거기,10
자꾸,10
가능,10
다크나이트,10
비행,10
부하,10
나이,10
마다,10
남성,10
의식,10
구로,10
정치,10
무재,10
철학,10
한국,10
하라,10
밸런스,10
의상,10
얼마,10
결과,9
고하,9
리기,9
의외,9
취소,9
흐름,9
타고,9
심지어,9
아마,9
클레멘타인,9
나기,9
손발,9
패티,9
총알,9
대가,9
박진,9
잡고,9
의심,9
사이,9
세계관,9
가족영화,9
존잼,9
단점,9
애매,9
세계,9
리그,9
상당,9
그대로,9
역량,9
다행,9
지지,9
티비,9
개재,9
휴먼,9
브루스,9
당하,9
현실,9
여운,9
에나,9
지구,9
충격,9
상적,9
팝콘,9
불면증,9
리하,9
맨오브스틸,9
어린시절,9
어른,9
잘못,9
사회,9
무하,9
서인,9
걱정,9
엄마,9
봉하,9
게다가,9
가득,9
고요,9
친구,9
작가,8
유아,8
기준,8
겨우,8
사태,8
반성,8
여신,8
불편,8
왜케,8
번개,8
아역,8
강력,8
당신,8
그녀,8
수퍼맨,8
라인,8
전개도,8
노답,8
드림,8
부자연,8
라다,8
한계,8
사운드,8
대상,8
었으,8
화면,8
최근,8
거르,8
주기,8
후기,8
한국영,8
자동차,8
소녀,8
적임,8
더욱,8
따름,8
도덕,8
잠깐,8
더라도,8
개인,8
대신,8
영하,8
구리,8
도입,8
심각,8
워너,8
하품,8
로만,8
도안,8
안해,8
평생,8
방법,8
날개,8
분동,8
자고,8
도로,8
리얼,8
애인,8
내시,8
이름,8
스크린,8
탄탄,8
대결,8
보석,8
러브스토리,8
요술,8
들보,8
지다,8
내년,8
미드,7
악의,7
한시,7
실화,7
대의,7
성장기,7
민망,7
말빨,7
날때,7
그래픽,7
독수리,7
학적,7
등등,7
악평,7
신선,7
초등학생,7
근래,7
쓸모,7
돌이,7
요정,7
테러,7
과거,7
고도,7
자연,7
주의,7
마셈,7
평이,7
캐스팅,7
성공,7
메인,7
지게,7
피해,7
어보,7
강조,7
혹시,7
설마,7
통해,7
장하,7
포함,7
아지,7
개도,7
전세계,7
게임,7
만듬,7
무시,7
긴장,7
미래,7
한숨,7
몇몇,7
이상은,7
브루,7
구원,7
어마,7
막장,7
기만,7
고양이,7
파워레인저,7
해결,7
장난,7
세기,7
점주,7
숙면,7
탄생,7
마냥,7
아마존,7
카리스마,7
보라,7
직하,7
연속,7
괴물,7
반전,7
어벤져스,7
화끈,7
보신,7
투명,7
성적,7
감탄,7
기본,7
고생,7
정신,7
예상,7
상상,7
아저씨,7
양심,7
커플,7
이웃,7
보람,7
코미디,7
누님,7
그때,7
전쟁,7
대치,6
탄하,6
샤잠,6
캡틴마블,6
흥미진진,6
번은,6
현재,6
갈등,6
요약,6
요하,6
부로,6
도적,6
향수,6
이도,6
상태,6
여야,6
감명,6
존나,6
올가미,6
지면,6
납득,6
소녀시대,6
더라면,6
나라,6
이용,6
이별,6
최선,6
디즈니,6
와중,6
데리,6
바닥,6
수면제,6
유일,6
어거지,6
굿굿,6
신의,6
구림,6
당황,6
기전,6
활약,6
간이,6
호불호,6
듭니,6
예술,6
혼란,6
디워,6
깊이,6
두운,6
대화,6
배경음악,6
아내,6
유명,6
역활,6
대부분,6
사라,6
대중,6
응원,6
황금박쥐,6
졸림,6
복고,6
실패,6
노래,6
따위,6
스올,6
인형,6
스트레스,6
박수,6
제외,6
과연,6
야만,6
추가,6
애니메이션,6
로맨틱,6
보이지,6
유일하,6
반개,6
행동,6
조차,6
재앙,6
워낙,6
스토리텔링,6
사용,6
헐리웃,6
아예,6
다그,6
이집트,6
서커스,6
삼류,6
바란,6
우리나라,6
정작,6
수퍼,6
파괴,6
증명,6
애기,6
티켓,6
은영,6
선물,6
부시,6
어찌,6
서로,6
수록,6
제로,6
마법,6
활용,6
었습니,6
외치,6
타인,6
다한,6
본인,6
그라드,6
인의,6
작정,6
신기,6
중하,6
열심,6
부족함,6
답답,6
구도,6
시퀀스,6
접함,6
구해,6
산만,6
고통,6
보임,6
이전,6
호강,6
여자친구,6
방역,6
최종,6
수어,5
사이드,5
보통,5
깝습니,5
내면,5
몇번,5
기고,5
레전드,5
연결,5
세련,5
코스,5
치면,5
거짓말,5
나치,5
그린랜턴,5
배대슈,5
러브,5
허무맹랑,5
앞뒤,5
감기,5
완젼,5
입장,5
비판,5
갈리,5
명대사,5
감흥,5
정확,5
때매,5
어처구니,5
그다지,5
젠킨스,5
감고,5
주네,5
인지도,5
만도,5
기적,5
특수,5
치가,5
마사,5
이란,5
내기,5
커서,5
적절,5
만드,5
한지,5
진창,5
유튜브,5
상하,5
꿀잠,5
빌어,5
애가,5
쉴드,5
무리,5
대고,5
하나요,5
최강,5
자아,5
결코,5
끼리,5
졸리,5
장점,5
이자,5
싸구려,5
중국영화,5
로써,5
라울,5
티나,5
레알,5
강도,5
화장실,5
아가리,5
기승,5
불구,5
실제,5
댕기,5
영화감독,5
스펙,5
이보,5
다라,5
도아,5
왤케,5
마이너스,5
페미니즘,5
할리우드,5
레인,5
백악관,5
박살,5
신분,5
용기,5
방해,5
사막,5
몰입도,5
다큐,5
길이,5
곳곳,5
평타,5
나오니,5
석유,5
일본,5
만들기,5
무난,5
본적,5
이브,5
박아,5
고뇌,5
폭망,5
코드,5
트래버,5
골든,5
고전,5
을지,5
일부,5
방식,5
지라,5
위기,5
희망이,5
짱개,5
지네,5
베스트,5
악플,5
해하,5
주구,5
장창,5
애정,5
극적,5
첨부,5
다임,5
잔뜩,5
교과서,5
신경,5
니야,5
상관,5
올림픽,5
부가,5
짝퉁,5
안남,5
주가,5
포즈,5
두기,5
특별,5
대립,5
실적,5
뒤죽박죽,5
미국영화,5
카이로,5
크리스틴,5
도중,5
전사,5
모로,5
웃기,5
정선,5
반동,5
재료,5
시사,5
휴머니즘,5
발전,5
흐지부지,5
흑화,5
누군가,5
반복,5
나머진,5
출발,5
생기,5
가기,5
패션,5
전환,5
방금,5
진자,5
표정,5
거임,5
의리,5
목적,5
커버,5
재미나,5
부담,5
위시,5
별하나,5
가시,5
감안,5
교육,5
작업,5
용두사미,5
한해,5
동기,5
자격,5
빵빵,5
대본,4
토르,4
난국,4
여태,4
홀로,4
질적,4
자가,4
더더,4
제작사,4
여러가지,4
규어,4
었는데,4
동하,4
모험,4
달리기,4
위대,4
매번,4
한영,4
사람인,4
미소,4
반의,4
우뢰,4
둘째,4
기지,4
출력,4
취향,4
지모,4
적당,4
의도,4
우주,4
안주,4
하루,4
짱구,4
칭찬,4
하나라,4
오기,4
멱살,4
고가,4
리메이크,4
라스트,4
허구,4
위험,4
려니,4
종말,4
간단,4
시도,4
키스,4
자마자,4
라이,4
표범,4
극혐,4
장해지,4
부자,4
착각,4
대통령,4
여지,4
전적,4
최하,4
잔잔,4
그로,4
상실,4
클래식,4
어쩌,4
갑작,4
궁금,4
호흡기,4
시합,4
맥스웰,4
무아,4
지적,4
차이,4
발생,4
병맛,4
전결,4
지기,4
중후,4
명불허전,4
다해,4
일수,4
볼때,4
와우,4
매일,4
일상,4
만날,4
리부트,4
은근,4
유치원,4
목숨,4
멜로영화,4
초점,4
백화점,4
기세,4
미리,4
평작,4
위주,4
훈계,4
범벅,4
클리셰,4
억울,4
안고,4
희생,4
새끼,4
리다,4
기보,4
강인,4
수작,4
짱짱,4
마리,4
우려,4
최소한,4
하하,4
시즌,4
붕괴,4
골드,4
잠듬,4
격투,4
좀더,4
말리,4
기술,4
줄타기,4
대적,4
극복,4
미안,4
가격,4
경기장,4
오직,4
설교,4
신하,4
촬영기,4
스틸,4
캣우먼,4
온갖,4
애초,4
자극,4
케미,4
먼저,4
컨셉,4
마찬가지,4
니니,4
회상,4
짱깨,4
무지,4
오래,4
줄줄이,4
다도,4
로움,4
호쾌,4
정리,4
전래,4
개똥,4
한참,4
풍부,4
가라,4
등장인물,4
시청,4
온건,4
권선,4
대략,4
연하,4
경기,4
극장판,4
도저히,4
자세,4
소품,4
플롯,4
백인,4
작위,4
교하,4
난하,4
정신병,4
하나로,4
만약,4
투자,4
고작,4
구한,4
다나,4
당시,4
연설,4
끝판,4
찰떡,4
나로,4
사촌,4
슈트,4
분장,4
부수,4
어제,4
하진,4
가운,4
유머,4
즐거움,4
블랙,4
영환,4
로부터,4
다인,4
반대,4
처참,4
저런,4
에다가,4
블럭버스터,4
소개,4
반감,4
광고,4
남자친구,4
지리,4
몇개,4
망치,4
불안,4
용서,4
드림팀,4
바보,4
주먹,4
재회,4
분도,4
음향,4
아스테리아,4
기름,4
연애,4
날수,4
무거,4
수칙,4
가다가,4
기사,4
제작자,4
자막,4
오타,4
업그레이드,4
여분,4
빵점,4
인과,4
가세,4
스릴,4
번역,4
자하,4
후속,4
변신,4
자신감,4
주변,4
댓글알바,4
스쿼드,3
대비,3
무관,3
윈터,3
솔져,3
체력,3
오마주,3
전율,3
도록,3
다양,3
영관,3
심심,3
명의,3
드하,3
남고,3
아차,3
부리면,3
가야,3
세월,3
일정,3
그린,3
신들,3
접근,3
제압,3
인도,3
단편,3
도무지,3
뭐임,3
음보,3
떡밥,3
읍니,3
딸아이,3
트럭,3
장함,3
리세,3
답습,3
자라,3
스포,3
색채,3
말씀,3
다재,3
예매,3
개별,3
기어,3
거도,3
불가능,3
평론가,3
섭외,3
안함,3
한수,3
슬로우모션,3
수십,3
다기,3
갈수,3
킬링,3
라며,3
부제,3
너희,3
가망,3
할리퀸,3
다운로드,3
악한,3
동물,3
터미네이터,3
구석,3
부부,3
치밀,3
리도,3
그동안,3
다크,3
꼬맹이,3
초능력,3
현명,3
저절로,3
동양인,3
품성,3
패러디,3
자본,3
분노,3
뿌리,3
중딩,3
속지,3
탈바꿈,3
아이템,3
만남,3
외출,3
루한,3
목소리,3
나니,3
부작,3
엔드게임,3
외면,3
쓰래,3
정점,3
중국,3
상대로,3
내지,3
다다,3
안드로메다,3
인종,3
환생,3
오마쥬,3
급임,3
졸음,3
대합,3
었던,3
감수성,3
명성,3
캡틴아메리카,3
듯이,3
진리,3
앞서,3
걸작,3
투자자,3
나하,3
초대,3
내주,3
보너스,3
리즈,3
드니,3
절하,3
버전,3
연관,3
라야,3
어쩌자,3
무리수,3
물씬,3
풍기,3
똥망,3
졸라,3
적대,3
불꽃놀이,3
질때,3
선하,3
토끼,3
드문,3
된거,3
중인,3
수습,3
위안,3
최초,3
코스프레,3
원한,3
안치,3
보되,3
프로,3
지경,3
모티브,3
다섯,3
커피,3
자의,3
열등감,3
땜시,3
팬심,3
파악,3
실사판,3
와이어액션,3
강화,3
정석,3
정적,3
때론,3
주둥아리,3
구조,3
팔콘,3
가끔,3
짜임새,3
간신,3
계기,3
부재,3
나마,3
태양,3
테마,3
준비,3
실성,3
유지,3
명확,3
조연,3
직전,3
다른사람,3
충족,3
차고,3
시지,3
죽음,3
연기자,3
었네,3
이구,3
콜라보,3
환상,3
이요,3
그이,3
여주면,3
절대로,3
깜짝,3
아부,3
펑펑,3
무한,3
로맨스영화,3
보스,3
각본가,3
줄평,3
직접,3
회하,3
스위트홈,3
이미지,3
잔인,3
퇴장,3
이대,3
새해,3
무도,3
슬로우,3
건만,3
저번,3
불쌍,3
재주,3
향기,3
젠킨슨,3
히트,3
선녀,3
미취,3
열연,3
어쨋,3
파이터,3
부의,3
종합,3
이아,3
따윈,3
고집,3
구리지,3
심해,3
다수,3
징악,3
고정,3
꼬마,3
출하,3
최후,3
용도,3
남녀,3
스타워즈,3
주지,3
고의,3
추하,3
환지,3
모래,3
후퇴,3
어벤저스,3
숙적,3
개망,3
손오공,3
집착,3
히로인,3
다세포,3
글쎄,3
악인,3
명색,3
요인,3
가막,3
어디가,3
처리,3
호흡,3
간의,3
중점,3
가뭄,3
단비,3
개성,3
앤딩,3
대해,3
는바,3
한사,3
모자,3
마련,3
찬란,3
현대,3
붙이,3
음식,3
알리,3
부활,3
특성,3
오버,3
오줌,3
쌍욕,3
존멋,3
국산,3
과욕,3
가미,3
무기,3
데이,3
고문,3
동심,3
뽀로로,3
먹음,3
씬들,3
불꽃,3
실감,3
뭥미,3
스파이더,3
엔딩크레딧,3
재능,3
오시,3
결정,3
자녀,3
카타르,3
시스,3
스토,3
농담,3
특촬물,3
도시,3
엄복동,3
아아,3
구려,3
주신,3
미만,3
빌드업,3
간지,3
도착,3
노안,3
밀리,3
통쾌,3
회복,3
줄줄,3
덩어리,3
캐츠,3
귀가,3
마스터,3
포장,3
타령,3
영화계,3
좌석,3
유발,3
어째,3
시점,3
존예,3
모션,3
만원,3
변화,3
부합,3
두번째,3
익숙,3
의의,3
영혼,3
소문,3
확인,3
개과천선,3
투성이,3
중력,3
다이어리,3
자주,3
관점,3
여친,3
점줌,3
연휴,3
가능성,3
개그,3
색깔,3
수하,3
특별출연,3
손님,3
엑스맨,3
황수정,3
소하,3
각성,3
테넷,3
눈치,3
메가박스,3
구름,3
감전,3
오래간만,3
주얼,3
파멸,3
접촉,3
졸잼,3
조심,3
허벅지,3
크러쉬,3
소비,2
시시,2
가오,2
노젬,2
고향,2
인터스텔라,2
대가리,2
선생님,2
만당,2
망각,2
타격,2
퍼트,2
함몰,2
외로,2
카메오,2
아역배우,2
긴지,2
삼위일체,2
난잡,2
렸다,2
소망,2
맥락,2
저그,2
암시,2
퇴화,2
고고학자,2
위협,2
판타지영화,2
주름,2
오른,2
특징,2
날기,2
핵심,2
주기도,2
거여,2
요란,2
교하면,2
고간,2
베뎃,2
쪼금,2
식도,2
순식간,2
패션쇼,2
시장,2
타당,2
역사,2
생략,2
여실히,2
패스,2
비난,2
때깔,2
타락,2
탱크,2
오니,2
상상력,2
나무,2
애처,2
고급,2
막강,2
라진,2
부탁,2
알바생,2
관람객,2
전문가,2
무니,2
낙관,2
개꿀잼,2
이서,2
오케이,2
발리우드,2
폭탄,2
길거리,2
평화로,2
무식,2
쵝오,2
야금,2
커리어,2
묘사,2
안유,2
인기,2
만요,2
이세,2
재밋다,2
피해자,2
일품,2
강제,2
터치,2
베트맨,2
바라지,2
주체,2
어스,2
감히,2
되새,2
오름,2
파서,2
선사,2
폭력,2
수선,2
허영,2
위선,2
절망,2
경찰,2
이제야,2
갈릴,2
지식,2
우월,2
역행,2
눈동자,2
다주,2
사나이,2
기기,2
고진,2
호박,2
사탕,2
돌멩이,2
영홥니,2
마력,2
편집자,2
오스카,2
능지,2
노어,2
안내,2
솔로,2
해달,2
신장,2
체성,2
개꿀,2
이외,2
다지,2
무색,2
놨다,2
킥애스,2
깜놀,2
다이아나,2
착륙,2
에피소드,2
소화,2
어정,2
살길,2
지스토리,2
치한,2
한전,2
지대,2
통한,2
마디,2
거구,2
어인,2
난생처음,2
치명,2
놀람,2
맥주,2
실컷,2
난입,2
블랙코미디,2
오류,2
알짝,2
영화상,2
승인,2
쌍팔,2
이득,2
끝장,2
매혹,2
열광,2
동원,2
수입,2
레드,2
아치,2
언급,2
덕후,2
연한,2
현대인,2
세대,2
엉터리,2
마구,2
할머니,2
남아도,2
러더,2
우린,2
귀중,2
골룸,2
나나,2
플래쉬,2
춘하,2
흑인,2
신임,2
단지,2
치도,2
마나,2
성은,2
뽕짝,2
생으로,2
워너브라더스,2
사치,2
미덕,2
지극,2
넣기,2
복구,2
내적,2
리치,2
용가리,2
다짐,2
흑우,2
가드,2
대회,2
성도,2
의무감,2
것임,2
이안,2
자도,2
똥워,2
야말로,2
배역,2
이로,2
에바,2
느금,2
새삼,2
박평,2
식이,2
보더,2
레이,2
성차별,2
둠스데이,2
시오니스트,2
발작,2
개이득,2
나타,2
네오,2
사족,2
동화책,2
포스,2
마트,2
드디어,2
서론,2
핸드폰,2
존망,2
아메리칸,2
아레스,2
물건,2
상대,2
진화,2
동작,2
연해,2
구분,2
쿵푸허슬,2
경이,2
어선,2
동료,2
수치,2
촬영,2
책임감,2
연인,2
용인,2
환자,2
취하,2
철인,2
사자,2
화이팅,2
당위,2
한층,2
성숙,2
어울,2
나루토,2
구원투수,2
아이언,2
불법,2
한결,2
머리카락,2
인트,2
양산,2
무예,2
점줄,2
창피,2
내생,2
안이,2
절반,2
특선영화,2
카메라,2
하든,2
재방,2
용이,2
독립영화,2
공익,2
물어,2
관성,2
카체이싱,2
지하,2
놀이,2
나가야,2
구색,2
입하,2
개런티,2
병풍,2
팬서비스,2
해먹,2
신화,2
평소,2
광팬,2
관해,2
시미,2
분안,2
박스오피스,2
한장,2
정연기,2
베드,2
심폐소생,2
나발,2
배급,2
구심,2
빙의,2
실종,2
발톱,2
점준,2
어우,2
명예,2
등록,2
밌었는데,2
성별,2
후론,2
판국,2
아기,2
저희,2
어감,2
추구,2
레쉬,2
로라,2
스페셜,2
중요성,2
눈요기,2
보실,2
사기,2
당한,2
뉴스,2
시네마,2
씬좀,2
충실,2
가보,2
국뽕,2
외국,2
주목,2
발라,2
글거,2
리더,2
술함,2
교묘,2
발리,2
이기만,2
해리포터,2
교장,2
헛점,2
비극,2
만달,2
로리,2
오죽,2
웠다,2
벌써,2
브금,2
경호원,2
넷플릭스,2
영구,2
구절,2
살림,2
예산,2
법인,2
해피엔딩,2
본영,2
치질,2
라이어,2
마초,2
반작용,2
포스터,2
불씨,2
볼걸,2
사이코패스,2
고이,2
난후,2
성룡,2
적지,2
디테일,2
물욕,2
부와,2
권력,2
막스,2
가짜,2
후레쉬맨,2
후뢰시맨,2
시리,2
지난,2
날림,2
인걸,2
케릭,2
후진,2
정이지,2
지옥,2
달달,2
슬픔,2
미가,2
조각,2
미니시리즈,2
조화,2
별거,2
시빌,2
스킵,2
호소,2
결하,2
플렉스,2
이쯤,2
나진,2
깨달음,2
발연기,2
우당,2
어차피,2
미흡,2
기법,2
리스터,2
쿠폰,2
둘이서,2
호피,2
난리,2
찰나,2
공격,2
실소,2
개뻔,2
와이어,2
별내,2
보삼,2
평균,2
한단,2
어로,2
공포,2
반면,2
소모,2
홍콩,2
강철,2
막상,2
시계,2
중이,2
음서,2
퓨쳐,2
악마,2
볼일,2
거르는,2
판권,2
민하,2
애니,2
반응,2
의자,2
묶여서,2
수긍,2
풍자,2
하드캐리,2
다생,2
사뭇,2
무적,2
정화,2
빨갱이,2
생애,2
조작,2
스피드,2
치자,2
현질,2
동반,2
무언가,2
치킨,2
고풍,2
수퍼히어로,2
아트,2
현지,2
사이트,2
주시,2
성냥,2
격하,2
차기작,2
호평,2
유년,2
훈화,2
입부,2
개망작,2
님들,2
제임스,2
가상,2
변종,2
개멋,2
올드,2
일만,2
어쩌면,2
릭터,2
수리,2
물질,2
만능,2
모호,2
학생,2
못만드,2
간판,2
드네,2
통틀어,2
카드,2
어울림,2
패드,2
연배,2
개월,2
짱짱걸,2
와이프,2
검토,2
제하,2
생활,2
동영상,2
증말,2
월드,2
영화사,2
빈틈,2
게뭐,2
공적,2
감당,2
심리,2
제정,2
신인,2
폭풍,2
독백,2
먹이,2
손해,2
끝임,2
개꽝,2
조마,2
감정이입,2
기안,2
시종일관,2
위그,2
시민,2
화해,2
겨냥,2
계몽,2
우스,2
정서,2
아난,2
성의,2
축제,2
서유기,2
실수,2
어중간,2
결제,2
난건,2
발끝,2
상징,2
외계,2
없슴,2
주위,2
간간,2
티남,2
신중,2
임펙트,2
추락,2
젠장,2
인내,2
크리스토퍼,2
리브,2
프레이,2
개구,2
고구마,2
대표,2
도모,2
안심,2
놀란,2
이신,2
계집,2
비슷,2
원숭이,2
레그,2
프레,2
아줌마,2
만화가,2
가나,2
건강,2
롭다,2
오로지,2
고리타,2
번작,2
치중,2
라보,2
이성,2
메타포,2
절절,2
나야,2
제트기,2
속도,2
이뻣다,2
개폭망,2
불어,2
차원,2
영향,2
성찰,2
명도,2
역쉬,2
감탄사,2
인대,2
편모,2
도사,2
우선,2
일반인,2
인간미,2
군더더기,2
밋밋,2
힐링,2
흡입,2
봣다,2
선리기연,2
거창,2
버젼,2
작성,2
매하,2
거릅니,2
기자,2
성취,2
예측,2
지진,2
편입,2
도도,2
레이건,2
코믹,2
개념,2
가도,2
경쟁,2
박차,2
오리,2
마음속,2
결핍,2
내일,2
관짝,2
파티,2
투수,2
블랙위도우,2
어깨,2
죽도,2
루고,2
을기,2
하루하루,2
러들,2
드릴,2
미국인,2
음식물,2
사적,2
바름,2
신중하,2
야합,2
안감,2
첫날,2
동시,2
장식,2
아이맥스,2
연령,2
비주,2
하락,2
래야,2
스탈,2
의아,2
거꾸로,2
사람과,2
반영,2
역작,2
닌다,2
주입,2
격차,2
방송,2
종이,2
피하,2
공기,2
노골,2
아픔,2
고마,2
부실,2
클로즈업,2
미네르바,2
사뿐,2
상승,2
부리,2
신안,2
나와라,2
깜깜,2
기념,2
덜덜,2
키스신,2
굿굿굿,2
배급사,2
개개인,2
정체,2
화장,2
봣네,2
오페라,2
물리,2
수정,2
혜자,2
웠습니,2
초월,2
선정,2
전보,2
대요,2
무협지,2
나리,2
스킬,2
비방,2
이드,2
부모님,2
드레스,2
구성원,2
유감,2
참사,2
회수,2
해소,2
데이트,2
편보,2
내인,2
마주,2
매달,2
스튜디오,2
나본,2
한가지,2
한쪽,2
고영상,2
미션,2
전무,2
원기,2
어머니,2
비롯,2
고해,2
니달리,2
갯가돗,2
괜춘,2
처치,2
멸망,2
시트,2
직함,2
개차반,2
시간대,2
알음,2
점더,2
고갈,2
대물,2
기한,2
제품,2
파주,2
안티,2
유행,2
천원,2
끄덕,2
차도,2
더보,2
별루,2
아일랜드,2
인종차별,2
유사,2
넘침,2
국내,2
말기,2
양옆,2
금년,2
최소,2
후짐,2
흡사,2
버버라,2
비용,2
임밸류,2
안전,2
강해진,2
이기심,2
독특,2
타이,2
무너,2
미미,2
새록새록,2
사악,2
압권,2
부모,2
밍밍,2
슈퍼걸,2
쾌감,2
홀려,2
팩트,2
차오,2
민수,2
레이더,2
질서,2
정치인,2
로건,2
관종,2
쿵쾅,2
엉덩이,1
악몽,1
고루,1
별개,1
명과,1
이빨,1
승부,1
호랭,1
블랙팬서,1
번인,1
대갈,1
보샘,1
결속,1
집년,1
캐비어,1
알탕,1
스카웃,1
흘렷는데,1
호구,1
수업,1
성선설,1
리려,1
하모니,1
면상,1
운남,1
판단,1
학예회,1
이함,1
패자,1
편후,1
강점,1
신기하,1
쪼매,1
중간치,1
력도,1
헌혈,1
사은,1
잼낫,1
불경기,1
경쟁력,1
무자,1
편봣던,1
조합,1
걸보,1
유심,1
금색,1
튬벗는,1
진장,1
찍기,1
흑백,1
생생,1
확장,1
티아라,1
머리띠,1
던지기,1
위력,1
열거,1
명언,1
살이,1
파인만,1
장황,1
매직,1
안절,1
부절,1
옛적,1
방향,1
전채,1
돈값,1
백터,1
국제,1
명료,1
망필,1
나사,1
히노,1
입장료,1
낙오,1
수박,1
요원,1
도우,1
중처,1
주제곡,1
동화면,1
몸소,1
총포,1
기발,1
일가,1
킹림,1
가트,1
은하,1
풀기,1
스멜,1
허리우드,1
고거,1
르세,1
동의,1
키스씬,1
뭔들,1
이예,1
흠뻑,1
밋었,1
곰돌이,1
방학,1
앖는,1
식구,1
오씨,1
노스,1
천만년,1
영시,1
키라,1
휴대폰,1
데기,1
전투기,1
도망,1
환가,1
꼬셔,1
액션가면,1
또람,1
장산,1
여정,1
자물쇠,1
라오,1
데미지,1
지연,1
합성,1
종종,1
주역,1
게재,1
괜츈,1
런류,1
공중부양,1
봣는데,1
화도,1
개임,1
정성,1
버거,1
웠는,1
왕창,1
일일,1
연속극,1
가로,1
열정,1
로그인,1
호기심,1
바랬음,1
애시,1
당초,1
골치,1
천사,1
정주,1
생산,1
주의자,1
고결,1
튀어,1
나이트,1
폭파,1
도의,1
도당,1
과학자,1
코미디언,1
진작,1
삼부작,1
기점,1
삼고,1
탈피,1
달력,1
수레,1
바이,1
비록,1
밍숭맹숭하,1
미디어,1
여하튼,1
일개,1
코멘트,1
페미니스트,1
서양인,1
검은색,1
쫙쫙,1
쫄면,1
사리,1
리릭,1
이난,1
내놩,1
논리,1
청해,1
흥청망청,1
습관,1
고치,1
개콘,1
로맨슨,1
느와른,1
시트콤,1
학교,1
시험,1
취업,1
분해,1
부들부들,1
역사상,1
고등학교,1
과제,1
약속,1
케일,1
렝가,1
탑신,1
병자,1
입력,1
대게,1
놨네,1
차별성,1
간도,1
여래,1
대목,1
관통,1
상반,1
관계도,1
여혐,1
앤트맨,1
존잼존잼,1
삥뽕,1
이뽀,1
만등러,1
러시아,1
겨드랑이,1
경하,1
따분,1
워킹데드,1
저작권,1
음악인,1
연결고리,1
안착,1
수용,1
똥작,1
미치광이,1
축복,1
진입,1
백두산,1
빈집,1
교질,1
급신,1
파로,1
단독,1
만드내,1
쵝악악,1
볼맛,1
뿐거,1
막대,1
재탄생,1
아버,1
도데,1
사운드트랙,1
남지,1
배려,1
소외,1
재밋었,1
사업가,1
눈뒤집힌,1
양면,1
성과,1
방어,1
형영,1
설상가상,1
딴판,1
취식금,1
지라니,1
국회의사당,1
예견,1
개쒯임,1
쥬라기,1
공원,1
티라노,1
사우,1
르스,1
스태프,1
졸지,1
전제,1
조건,1
달러,1
끈기,1
남성우,1
자인,1
베댓슈,1
기와,1
여간,1
꽃밭,1
특이,1
립하,1
풀땐,1
경우,1
스파이디,1
베놈,1
렉스,1
루터,1
스컬,1
에너미,1
타입,1
유노윤호,1
형님,1
도움,1
낭만,1
무라카미,1
하루키,1
휴대전화,1
보급,1
아날로그,1
이군,1
쿠쿠,1
루삥뽕,1
삭막,1
줄기,1
승진,1
당직,1
월급,1
거른다,1
투머,1
하늘날다,1
숨통,1
멋잇엇음,1
바이바이,1
그따위,1
라디오,1
박영화,1
페이크,1
다큐멘터리,1
캠페인,1
깨보,1
꼬리,1
달렸슴,1
올드함,1
사이보그,1
퉁티남,1
피웅,1
돈벌이,1
트랜스포머,1
위화,1
장도,1
팬임,1
않쿠,1
수익,1
닌것같음,1
신병,1
이용철,1
죽지,1
일류,1
기능,1
혼종,1
상업성,1
똥꼬,1
괴랄,1
자유,1
평안,1
으리,1
비애,1
실천,1
무소유,1
노멀,1
반석,1
눈시울,1
원더풀,1
알리스타,1
해외,1
여자애,1
벌레,1
박멸,1
세기말,1
테크노,1
이정현,1
영내,1
어쨌든,1
조진,1
겔가롯,1
웬걸,1
사도,1
타이틀,1
실체,1
스카이,1
살쾡이,1
개막,1
서요,1
전과,1
믹스,1
구닥,1
생존,1
이발,1
성립,1
옴니버스,1
일로,1
생일,1
후광,1
전장,1
근거,1
렸었는데,1
봉창,1
이거슨,1
스핀오프,1
체면,1
땡땡,1
이유지,1
대우,1
디버그,1
급진,1
남성혐오,1
공산주의,1
악질,1
함량,1
미달,1
파브로,1
줄평꽃,1
등심,1
송로버섯,1
순위,1
니체,1
철학가,1
상화,1
남캐,1
성희롱,1
예민,1
한남,1
점테,1
러하,1
예정,1
도플라밍고,1
허졉하,1
성취향,1
콘티,1
구멍,1
숭숭,1
초자연적,1
휘하,1
독일군,1
아귀,1
세부,1
맘에듬,1
정돈,1
가둿,1
저기,1
어줘,1
이해력,1
끝닜음,1
야기,1
밥말,1
장개,1
봉안,1
코비,1
평가절하,1
원우,1
애니멀,1
벌떡,1
일어나서,1
고려,1
내세,1
변비,1
밌게봤,1
갠취,1
급그,1
판데믹,1
베트맨대,1
단절,1
무사,1
이상주의,1
로마,1
합점,1
토핑,1
수험생,1
느릿느릿,1
해진,1
재현,1
햘수,1
어수,1
가재,1
훈련,1
여자라서,1
장인,1
까마귀,1
족애,1
부외,1
보고서,1
우지,1
목구멍,1
흑형,1
사상,1
완죤,1
편법,1
분열,1
불안감,1
이질,1
망대,1
평주,1
살살,1
취할수,1
금상첨화,1
숙박,1
숙제,1
조로,1
허공,1
답보,1
싸랑,1
스티로폼,1
고난,1
박자,1
비행장,1
흐트러,1
우럿따,1
화근,1
리턴즈,1
진행중,1
운부,1
주요,1
당착,1
뒷전,1
발킬머,1
달빛,1
뮤즈,1
법률,1
수어사이드스쿼드,1
프린스,1
거듭,1
안봣으,1
공중,1
지인,1
배종옥,1
오므리,1
조절,1
로보캅,1
폴리,1
뭐노,1
밍숭매숭하,1
와섯,1
나시,1
갤가돚,1
비호감,1
어져,1
울엇음,1
재뿌,1
일생,1
일대,1
멕스웰,1
가관,1
놨노뭐,1
없더랔,1
모델,1
안느,1
컬렉션,1
앵글,1
빡쎄,1
잡탕,1
대망,1
푸네,1
여진,1
개봉관,1
멀리,1
좀좀좀,1
빌라,1
각자,1
안티오페,1
손익,1
분기점,1
부채,1
노릇,1
회사원,1
설날,1
은정,1
약자,1
불합리,1
불평,1
판하,1
개선,1
차용,1
공존,1
페가수스,1
금성,1
투사,1
심보,1
태도,1
마당,1
웬일,1
부교,1
최합,1
가셍,1
가랭이,1
일진,1
시연,1
회도,1
나누기,1
성인영화,1
영향력,1
채운,1
알콩달콩,1
안녕,1
시오,1
이령,1
비등,1
기쁨,1
폭동,1
않았느데,1
직관,1
풀셋,1
비주류,1
차이점,1
대애,1
치트키,1
남발,1
죙일,1
흐느적,1
이적,1
관계자,1
웹툰,1
패션왕,1
라이즈,1
아용이,1
백퍼,1
동야,1
에스티,1
전리,1
차럼,1
소히,1
알리스,1
미블,1
너므너므,1
알랐다,1
그거슨,1
이상주,1
바다,1
천해,1
루했다,1
내외,1
회안,1
기묘,1
어쩌다가,1
브랜드,1
음악감독,1
검색,1
중삐리,1
만족도,1
년전,1
리턴,1
재개,1
썪히,1
무표정,1
학년,1
겔갓돈,1
아우성,1
불화,1
조성,1
냉정,1
밌는데,1
흉내내,1
정면,1
선채,1
손실,1
큰일,1
게다,1
기모,1
물팬,1
과격,1
약화,1
었구,1
울창,1
식물,1
때랴,1
고독,1
축하,1
했슴다,1
올인,1
뭣같,1
연초,1
버무린,1
러브액츄얼리,1
밑도,1
확정,1
음녀,1
진중,1
믿음,1
높혔으,1
피지,1
이토,1
은사,1
민족,1
독일,1
말이얌,1
병이얌,1
무치,1
소식,1
전투력,1
여성가족부,1
동물원,1
암컷,1
보태,1
명곡,1
궁합,1
일장춘몽,1
헤프,1
적인걸,1
란걸,1
이처럼,1
빙빙,1
그리스신화,1
비슷바슷,1
만들꼬,1
적합,1
컬러,1
그레이드,1
승리,1
재밋었는데,1
확성기,1
덕담,1
사연,1
감수,1
고교,1
습작,1
근간,1
골수팬,1
애틋,1
비운,1
불만,1
강렬,1
으른,1
사고방식,1
돈아깝겐,1
화질,1
조정,1
알못,1
도그,1
맛집,1
입맛,1
조선인,1
구라,1
어쪄,1
기질,1
모드,1
엇음,1
무장해제,1
사화,1
달래,1
칠이,1
무얼,1
로나,1
닌지,1
근대,1
엿으,1
훌쩍,1
분간,1
샤쟘,1
실듯,1
어물,1
디즈니랜드,1
몽둥이,1
찜질,1
재정,1
점철,1
거부,1
체력장,1
빙자,1
전력,1
온몸,1
신체,1
유용,1
자각,1
일당,1
소시오패스,1
금방,1
불보,1
상면,1
아려,1
널렸다,1
압도,1
세심,1
숭고,1
섬세,1
칼라,1
증거,1
불행,1
트리,1
이상인,1
짜개,1
여가,1
되풀이,1
센트,1
본성,1
흉악,1
제대,1
히스패닉,1
동남아시아,1
복합,1
해인,1
운동경기,1
대칭,1
전대물,1
연진,1
유색인종,1
비율,1
입술,1
죄송,1
개입,1
간접,1
체험,1
연도,1
마이,1
만화책,1
지능,1
꼬질꼬질,1
씨발,1
항목,1
무빙,1
아이언맨3,1
반시민,1
죄수,1
배씬,1
앞장,1
한연,1
개돗,1
폐해,1
선전,1
오후,1
이마,1
절정,1
주제가상,1
아콰,1
여고,1
볼법,1
바라냐,1
북한,1
간첩,1
야속,1
불친절,1
방향성,1
이동,1
소록소록,1
그림,1
회식비,1
여가부,1
과유,1
불급,1
얘길,1
일벌,1
릴때,1
발암,1
센터,1
고사하고,1
장구,1
형식,1
음약,1
토막,1
가가,1
뭉그뜨린,1
양반,1
던디,1
외화,1
이입,1
닭살,1
세라,1
고오,1
점밑,1
이등병,1
탄피,1
꼰대력,1
사고뭉치,1
할말없슴,1
인칭,1
평보,1
점줬을껀디,1
실력,1
지역,1
딩굴,1
건때,1
땅바닥,1
통신사,1
주무,1
무늬,1
명장,1
브리,1
라슨,1
개반,1
개유,1
원인,1
생뚱맞,1
소장,1
종일,1
돈발,1
돗볼,1
퍼포먼스,1
경향,1
이모저모,1
양하,1
제공,1
난거지,1
발성,1
시너지,1
낙제,1
즐거웟,1
대서,1
거릴,1
유맨,1
부대,1
실존,1
거사,1
심층,1
관계,1
선악,1
장구도,1
인심,1
자제,1
화지,1
참외,1
한선,1
제겐,1
기껏,1
구속,1
번방,1
효자,1
운영,1
재밋게봤,1
매니아,1
후작,1
점차,1
일행,1
참았슴,1
노무,1
전진,1
보루,1
저지,1
분발,1
취저,1
전면,1
권한,1
헐리우드영화,1
부레,1
대답,1
인지상정,1
서양,1
여의,1
천녀유혼,1
요괴,1
주사위,1
굴려,1
숫자,1
메기,1
추측,1
진보,1
틱합니,1
글구,1
알록달록,1
별루임,1
추척,1
정맣,1
불변,1
착오,1
구구절,1
끝내기,1
희망사항,1
묵직,1
배기,1
훈시,1
선생,1
맹근,1
계몽영화,1
교육영화,1
마음대로,1
찍으랬,1
주작,1
작장면,1
데미,1
스키라,1
나약,1
일도,1
원적,1
조약,1
연기면,1
제시,1
동춘서커스,1
일터,1
힙니,1
날자,1
애뜻,1
어리광,1
나레이션,1
한기,1
만화영화,1
평행선,1
윙크,1
고명,1
슬모,1
모양,1
호이호,1
둘리,1
부여,1
별루긴,1
공통,1
성함,1
사망,1
더생,1
과보,1
아이디어,1
힌트,1
엄지,1
멘탈,1
관련,1
부감,1
접수,1
정권,1
문재인,1
짬뽕,1
거미줄,1
위도,1
은퇴,1
질문,1
시각,1
온전,1
라만,1
스킨,1
빗발,1
파라,1
냐옹,1
맞이,1
더독,1
줄다리기,1
특선,1
치료,1
현저,1
전문,1
경종,1
프랜차이즈,1
주관,1
무려,1
연상,1
주머니,1
영화평론,1
링크,1
영감,1
매개,1
체라,1
허심,1
탄회,1
귓등,1
지능지수,1
숫자일,1
외강,1
내강,1
스레,1
남자라면,1
백년,1
단것,1
어지간,1
광명,1
롯시,1
로스,1
어렇,1
화임,1
펑터,1
양적,1
대식,1
외전,1
징글벨,1
양말,1
듣기,1
시체,1
물리학,1
발상,1
리발,1
원상,1
신한,1
완썻으,1
답다,1
직업,1
겸비,1
지성인,1
스텝,1
고등학생,1
제자리,1
아마추어,1
학원,1
케어,1
이해도,1
각종,1
지심,1
부흥,1
올드해,1
난관,1
편재,1
상업,1
기반,1
은줄,1
예고,1
고화질,1
돈버,1
창고,1
백배,1
현주소,1
경계,1
어쩌란거,1
때큭,1
뿜었음,1
인공,1
조미료,1
적도,1
전날,1
개또,1
싱영중,1
심상,1
업적,1
깡통,1
통조림,1
라비,1
달기,1
야니,1
어들,1
극찬,1
의견,1
얙션,1
운정,1
영화제작,1
답시고,1
사드,1
상봉,1
일본애니,1
만난,1
루저,1
좌충우돌,1
주조,1
말좀,1
중복,1
가식,1
중동,1
자행,1
히잡,1
여자아이,1
미니,1
사냥,1
개핵,1
절실,1
체크,1
객관,1
습보,1
일이,1
가락,1
끝깢,1
가지가지,1
티저,1
망쳐버,1
파트너,1
활동,1
수수료,1
팬티,1
거마,1
랜턴,1
쭈욱,1
첨보넹,1
빈곤,1
강의,1
낚시,1
빰친다,1
초가,1
융유,1
오오,1
옹옹,1
마코,1
로비,1
아더,1
조선족,1
거좀,1
예뻣,1
모성애,1
찾기,1
공주,1
핑키,1
시스템,1
무주,1
제격,1
삼세,1
메이드,1
낚였었,1
낚임,1
당혹,1
웠을듯,1
남상,1
여윽시,1
기아,1
걸레,1
개그콘서트,1
차로,1
볼순,1
건뭐,1
무효,1
투하,1
마렵,1
클래스,1
참담,1
남부군,1
티보,1
인터내셔널,1
필름,1
후보,1
뤄용,1
헛소리,1
나영,1
또잠,1
의방,1
안우,1
애도,1
카봇,1
또봇,1
그다음,1
구래,1
오용,1
레즈비언,1
멜론,1
전라도,1
뭉클뭉클,1
나후,1
매사,1
늑대,1
었을까,1
소음,1
보상,1
첫사랑,1
꽁냥꽁,1
조적,1
우롱,1
니었음,1
빠졋을듯,1
대흥,1
커녕,1
이뭐병,1
양키,1
칭챙춍,1
로남불,1
대악,1
이밀,1
투더,1
광안,1
클라스,1
울면,1
발산,1
원더걸스,1
텔미,1
알러뷰,1
한스밴드,1
걸른다,1
블루,1
레즈,1
롤충,1
미없드,1
제주,1
버스,1
정하나,1
고질,1
병인,1
밸붕,1
오냐,1
우쩌,1
무방,1
익스,1
팬스,1
보이즈,1
노노노,1
만들엇네,1
난치,1
절레절레,1
명연기,1
분투,1
감옷,1
슈나이더,1
축구,1
종족,1
쩔쩔,1
넷상,1
공개,1
터득,1
흠칫,1
다라니,1
집지,1
혜택,1
변영화,1
회생,1
마즐,1
취학,1
얼척,1
렌트,1
분대,1
예감,1
러운,1
돈날,1
지미,1
버즈,1
형도,1
감자,1
분전,1
고사,1
존윅,1
개벙,1
우정,1
난해,1
에코,1
배신,1
영화장르,1
드릅,1
뽀록,1
이왕이면,1
화면비,1
소스,1
벙자들,1
사형,1
이듬,1
제다이,1
리보,1
침몰,1
미쟝센,1
각색,1
세인트세이야,1
나쁜손,1
몆친거임,1
브라,1
미니스커트,1
출산,1
미혼,1
난자,1
기증,1
대리모,1
저출산,1
참혹,1
연두,1
명보,1
맥가이버,1
재림,1
클레,1
소유,1
준놈,1
발키리,1
외것,1
단조,1
통수,1
뚜렷,1
수나,1
이케,1
길때,1
집념,1
격감,1
안구,1
전가,1
족용,1
본연,1
무의미,1
뗏음,1
었군,1
유난,1
곧음,1
정직,1
분한,1
중시,1
제적,1
차곡차곡,1
복판,1
왕따,1
쌩뚱맞,1
따라서,1
반했어,1
하연,1
태권브이,1
투영,1
걸캅스,1
살기,1
빠듯,1
뮤슨,1
휙휙,1
모처럼,1
스팁,1
애절,1
서사시,1
에어,1
설픈,1
아가서,1
오늘날,1
상식,1
데미갓,1
부적,1
수뇌부,1
도감,1
강박,1
스티,1
시보,1
하하호호,1
쪽발이,1
뇌구조,1
연쇄살인,1
미스테리물,1
가운데,1
문화,1
궤도,1
반드시,1
해석,1
아리,1
당부,1
샥스핀,1
매운탕,1
기조,1
없엇름,1
동대로,1
무티,1
부드러움,1
비디오,1
둘다광빠,1
재탕,1
니드,1
신비,1
느꼇다,1
괴작,1
얼굴값,1
배추,1
각선미,1
맛감,1
재밋어용,1
포커,1
아동학대,1
콤플렉스,1
컴플렉스,1
상도,1
햇던,1
회보,1
암흑,1
유익,1
낚김,1
오타쿠,1
인감,1
옆옆,1
순조,1
항해,1
에레,1
산꼭대기,1
거뭐,1
엄홍길,1
배좀,1
항구,1
인구,1
웅다웅했,1
가게,1
런데,1
최신,1
뽀뽀뽀,1
자지,1
러질,1
망토,1
서버,1
레인지,1
컷다,1
촌티,1
웨스,1
크레이븐,1
취입,1
하달,1
솔솔,1
노오,1
고등,1
동아리,1
네나,1
프롬,1
목마,1
오점,1
수면,1
장애,1
폼나,1
말썽,1
었더듯,1
잡념,1
우세,1
쩌리,1
추석,1
하소,1
느슨,1
대미,1
어쩌라구,1
차기,1
일말,1
오마이갓,1
개욳,1
기네,1
만만,1
매수,1
조사,1
딜도,1
섻쓰,1
꼴펨,1
자랑,1
국민성,1
볼껄,1
라인업,1
모조리,1
노졈,1
샛기들,1
개꿀잼임,1
구역질,1
향후,1
클레오파트라,1
대재앙,1
사필귀정,1
물임,1
담론,1
의적,1
대디,1
인피니티,1
허황,1
단박,1
외계인,1
바퀴,1
탈출,1
피아,1
뜬구름,1
스크립트,1
도약,1
가정,1
주로,1
공략,1
급부,1
극한,1
유독,1
엄격,1
반신,1
심쿵,1
백신,1
자낰,1
작도,1
사투,1
뉴트로,1
앞전,1
무릎,1
인과성,1
무게,1
깃털,1
현장,1
서재,1
나부,1
재밋었습니,1
얽매,1
미세,1
관짝문,1
무덤,1
재밋는데,1
피로,1
반증,1
사생,1
리나,1
방치,1
싸이코,1
패전,1
터널,1
녀석,1
쇄골,1
버라이어티,1
저스트,1
본도,1
흡족,1
밎영,1
우밎,1
의연,1
다분,1
노재,1
장갑차,1
택시,1
단짝,1
왤케길,1
어어,1
코웃음,1
액션연기,1
자기계발,1
어두움,1
빛과,1
초적,1
모음,1
저능,1
십만,1
보드,1
영화평론가,1
최면,1
국답,1
사람살이,1
다욕,1
이간,1
저급,1
탄식,1
까비,1
대차,1
꼭보,1
세용,1
기념비,1
아이콘,1
간짜릴,1
우릴,1
윙슈트,1
스르,1
착지,1
대수,1
퍼맨,1
눈쌀,1
푸리,1
뿐입닏,1
골빈애,1
주윤발,1
액땜,1
었음,1
한동,1
신랑,1
무릅쓰,1
자괴,1
연지,1
향상,1
사설,1
흠집,1
언냐,1
어쩜,1
개떡,1
고소,1
고스,1
순서대로,1
마구잡이,1
나열,1
시오니즘,1
얼른,1
최앗,1
처녀,1
홀딱,1
인제,1
라이트,1
핵핵핵,1
재발,1
패션센스,1
도깨비,1
방망이,1
해갈,1
또래,1
원망,1
인간성,1
고유치,1
감족,1
볌심들,1
볌심,1
간부,1
샤잼,1
눈높이,1
부어,1
별세,1
개드립,1
킹스,1
카피캣,1
타이타닉,1
무작정,1
산다,1
캐릭,1
조지,1
개요,1
인디펜던스,1
심경,1
못맛드,1
들었슈,1
택했으,1
대만,1
양상,1
분노의질주,1
하차,1
노쟘노쟘모뱀,1
고마움,1
노가리,1
편때,1
박력,1
환경,1
허투루,1
모욕,1
죽을뻘,1
에혀,1
사장,1
파채,1
그간,1
사가,1
항복,1
밌음,1
오열,1
발단,1
었는,1
어쨌,1
참회,1
망햇,1
진액,1
션신,1
탁월,1
노소,1
팬덤,1
정치가,1
허위,1
정보,1
수능,1
미스터,1
비견,1
꽊씨,1
여행,1
망스멜,1
쿼드로,1
사살,1
비급,1
도금,1
방패,1
스포일러,1
잔치,1
질투,1
담합,1
차야,1
호응,1
영안,1
끝편,1
텅빈영,1
평균점,1
백미,1
광구,1
음미,1
국도,1
판이,1
메잌어,1
그러드,1
막반,1
나인,1
만끽,1
맑은,1
자유로,1
한국사,1
데현,1
아직까지,1
편애,1
투척,1
일지,1
역경,1
특정,1
명분,1
이편,1
금보,1
메이커,1
정도영,1
형펀없다,1
공장,1
우울,1
신작,1
재밋엇음,1
잰킨스,1
틀림,1
더약,1
방도,1
시반,1
왕십리,1
중앙,1
포카칩,1
바스락,1
반입,1
금진,1
잼잼,1
재등장,1
몹시,1
작살,1
대규모,1
러버,1
추정,1
동행인,1
다담,1
의존,1
어린이날,1
특집,1
우한,1
폐렴,1
장대,1
미약,1
기용,1
출입,1
취함,1
클스,1
마스,1
우후죽순,1
판타스틱,1
불빛,1
석우,1
빼엇어,1
망조,1
꽤재밋,1
잘봣습니,1
그녕,1
질라,1
망쳐놧,1
비현실적,1
전대,1
쩡하,1
급속도,1
약점,1
강행,1
내적인,1
징검,1
측면,1
능가,1
견해,1
일부분,1
흉내,1
성조,1
주차,1
김여사,1
다뿌시,1
고다,1
취중,1
멉니,1
막바지,1
돌려눠,1
엄정,1
미술,1
다이슨,1
똥손,1
이개,1
대범,1
세이,1
셔널,1
이백,1
최고급,1
레시피,1
맙시,1
난동,1
또볼,1
성해,1
피닉스,1
막상막하,1
안마,1
몰락,1
세고,1
진지,1
개빡,1
칠정,1
맛보기,1
무죄,1
리비아,1
텔포하,1
전파,1
이벤트,1
지난번,1
개업,1
아기자기,1
디아블로3,1
차마,1
적하,1
직장,1
종료,1
적재적소,1
과대,1
과장,1
말듀안됨,1
스마,1
스때,1
벌처,1
미로,1
거르자,1
쓰레긴,1
리쉬,1
교차,1
일반,1
보나,1
다반,1
도급,1
졸예,1
음유,1
떼껄룩,1
환불,1
러브신,1
난무,1
서포터,1
진여,1
대도,1
이하나,1
마날,1
지아,1
직도,1
오어,1
아타,1
대일,1
전생,1
혔습니,1
이생,1
동경,1
우상,1
봣습니,1
명감,1
답니,1
망설,1
저쩌,1
모던,1
천적,1
레미제라블,1
가사,1
자만,1
정원,1
은혜,1
쟁취,1
사소,1
거대,1
보호,1
연장,1
목도,1
명인,1
장땡임,1
울림,1
텔러들,1
버튼,1
악연,1
중국인,1
승천,1
집안,1
아래,1
빨대,1
청소년,1
작작,1
간절,1
다스,1
문득,1
왈콱,1
자멸,1
이분,1
볼빠,1
원피스,1
루피,1
로브루치,1
돌비,1
구들,1
포고,1
집기,1
원점,1
날로,1
프레임,1
한잔,1
사서,1
휴일,1
아포칼립스,1
번만,1
인사,1
유투,1
버급,1
워싱턴,1
혼잣말,1
커터,1
찌꺼기,1
비서,1
가브리엘,1
와일드,1
푸나,1
갈고,1
더재밋는듯,1
재밌엇슴,1
재밋엇,1
장미,1
화술,1
시킴,1
답지,1
순애보,1
선방,1
고지라,1
명백,1
전기,1
면모,1
구현,1
아련,1
상임,1
커스츔,1
보아,1
관비,1
값어치,1
당장,1
잘봡습니,1
점프,1
개띠용임,1
구경,1
일주일,1
왓는데,1
나왓,1
느님,1
친언니,1
해나,1
복선,1
뮬란,1
쭉쭉,1
향연,1
주하,1
검찰,1
사법,1
언론,1
적폐,1
하지맙시,1
걸스,1
캔두,1
삼각,1
조가,1
노출,1
구시대,1
냉장고,1
여캐,1
상이,1
동네,1
류마티스,1
관절염,1
코로스,1
기면,1
제거,1
주둥이,1
왓더,1
캡틴,1
딱지,1
뚜렸,1
가혹,1
미국사,1
소환,1
전남친,1
용면,1
줄순,1
때려뿌수,1
꾹꾹,1
삼만리,1
애비,1
간곳,1
영호,1
퍼스트어벤져,1
휠씬,1
페티,1
우리엄마,1
오래오래,1
취적,1
연약,1
기간,1
작년,1
화이자,1
명제,1
강츄,1
전이,1
고합,1
물뻔,1
김현미,1
국토부,1
장관,1
대선,1
토론회,1
줄알,1
퍼즐,1
다사,1
안바,1
거장,1
피서블,1
황비홍,1
휘둥,1
간격,1
아크로바틱,1
르겟,1
모르겧,1
적나라,1
평가자,1
더러,1
배아,1
니미,1
오신,1
왕도,1
스냅,1
한텐,1
땡깡,1
부림,1
삐슝빠슝,1
꼽으,1
삽질,1
하느냔,1
방물,1
킬러,1
안듬,1
격렬,1
이상형,1
피터,1
편안,1
자구,1
시방,1
힝구,1
글코,1
국민,1
문정,1
잠도,1
띵작,1
닉값,1
저녁,1
주말,1
명화,1
홍보,1
파적,1
어랜,1
순전,1
탑인,1
듯끝,1
이내,1
템포,1
뉴트,1
로시,1
강림,1
접해,1
불의,1
쓰레기통,1
애들델구,1
만유,1
저걸,1
건머,1
만일,1
틈틈이,1
글쎄요,1
김병만,1
출발드림팀,1
화평,1
점안,1
코골,1
페니,1
미즘,1
약도,1
힘좀,1
내자,1
괴리감,1
입양,1
져버,1
시영,1
조음,1
워더,1
아레나,1
클리,1
차례,1
성탄절,1
재연,1
굳굳굳귣굳,1
별똥별,1
운동회,1
펜트하우스,1
재방송,1
인질,1
발견,1
소득,1
직후,1
수직,1
낄낄,1
존엄성,1
묘기,1
나위,1
한적,1
알레고리,1
소사,1
황금색,1
공식,1
아버지,1
그대,1
어딘,1
술해짐,1
구출,1
작전,1
때로는,1
공이,1
주력,1
가약,1
진듯,1
요기,1
무심,1
무인,1
야심,1
실현,1
주인,1
택할,1
개망햇을텐데,1
순리,1
배댓슈,1
요청,1
차좀,1
뿐더,1
로고,1
제밌음,1
개돼지,1
수두,1
예뿜,1
무형,1
만삼,1
음애,1
파카,1
음영,1
화볼때,1
이나현,1
안하먐,1
다공,1
흐아암,1
어집니,1
최애영,1
셍각중,1
수원역,1
수원,1
어쩌잔건,1
신조,1
음조,1
기회,1
하디,1
돌림,1
클로즈,1
본래,1
득달,1
별루없,1
깜짝출연,1
동일,1
여인,1
기절,1
등급,1
돼지,1
고대,1
님께많,1
배정,1
이모,1
합계,1
노숙자,1
직원,1
성추행,1
옐로,1
몽키,1
취급,1
메박,1
주니,1
허비,1
드마,1
회로,1
하이라이트,1
부러,1
접시,1
전함,1
개쩖,1
마자,1
직장인,1
브로,1
과감,1
사이다,1
시청률,1
인하,1
어르신,1
공연,1
잠시,1
인터,1
녹차,1
맞춤법,1
소용,1
대용,1
아씨,1
시에나,1
폭발,1
난잔,1
면적,1
동영,1
업계,1
점줄랫는데,1
심금,1
당분간,1
무더기,1
버릇,1
남편,1
그랫음,1
부디,1
급이댜,1
아닥입니,1
훈령,1
시상,1
리망작,1
어벤져스2,1
훨신,1
얼버,1
데모,1
협조,1
대한민국,1
박제,1
짐승,1
장의,1
중합,1
안방,1
재일,1
재밎,1
미스,1
결성,1
그랴,1
친자,1
마야,1
한정판,1
재밋음,1
능력자,1
졸귀,1
박읍읍,1
한국어,1
장법,1
차림새,1
인식,1
유쾌하,1
과잉,1
가치관,1
버버,1
소위,1
수저,1
자격지심,1
숨기,1
마침내,1
고백,1
연대,1
기함,1
린타,1
고증,1
허약,1
택하,1
수차,1
자비,1
두드,1
초등생,1
도둑,1
효과음,1
류티,1
환타지,1
추격,1
상처,1
이지스함,1
소제,1
희극,1
바지,1
심장,1
마네킹,1
올레,1
잔한,1
영광,1
웠네,1
합체,1
기립박수,1
버스터,1
날의,1
요새,1
잔혹,1
압박,1
몰두,1
쌍벽,1
중심,1
번봄,1
밌어,1
뉴머뭔트,1
버저,1
에이,1
가겠슴다,1
지름길,1
정경,1
교수,1
대변,1
멋있엄,1
케빈,1
파이,1
개지,1
오랫동안,1
할애,1
킬탐용,1
부적합,1
이제껏,1
이감,1
평임,1
이반,1
살렷,1
어울렷을것,1
햇으,1
살찐,1
데드풀,1
해줫,1
왓으,1
케이블,1
추기,1
거릅시,1
하향,1
곡선,1
음중,1
감점,1
만기,1
시리아,1
익사,1
가산,1
팀욕,1
깜박,1
허망,1
관객수,1
철저,1
조롱,1
몹쓸,1
주룩주룩,1
일편,1
눈빛,1
대인,1
별루내,1
누군,1
사나,1
타협,1
비평,1
화비,1
만전,1
가르침,1
마전,1
정상,1
로톤,1
토마토,1
클라이너,1
익스트림,1
뮤비,1
패거리,1
왜곡,1
멸종,1
상기,1
예의,1
지수,1
단계,1
무진장,1
늙은이,1
문물,1
먹혓을듯,1
오케스트라,1
회피,1
무협,1
힘자랑,1
토라,1
품질,1
미집,1
뭐합,1
드팬,1
뭐길,1
세진,1
동남아,1
무안,1
용감,1
이하전,1
금은,1
반인반수,1
뒷맛,1
안경,1
장임,1
누운체,1
데뷔,1
쥬얼,1
댕겨,1
미남,1
저버,1
짜릿,1
손색,1
템빨,1
특별상,1
눙물,1
금고,1
인내심,1
반정,1
이탈,1
안습,1
적응,1
요건,1
뿜뿜하,1
손소독,1
마는,1
겔가돗보,1
아시,1
다합,1
재맛,1
웠음,1
부친,1
도달,1
기럭지,1
충만,1
무능,1
삼박자,1
군단,1
스마트폰,1
력없는,1
뒤론,1
루지,1
반박,1
잡기,1
라라,1
발까락,1
좀유,1
은비,1
슷한데,1
보구,1
마인드,1
마다가스카,1
퓨어,1
어치,1
책임,1
예이츠,1
안락,1
취할,1
소한,1
멍청,1
가량,1
이장면,1
줄타,1
한창,1
팬터지,1
리언,1
머피,1
선샤인,1
표절,1
더뜻,1
워밍업,1
실전,1
무승부,1
여느,1
별롭니,1
등용,1
톰크루즈,1
미이라,1
메리,1
희박,1
중학생,1
순수,1
치스텟,1
로프,1
르겟다,1
면안,1
우월감,1
알려드,1
리자,1
벨런스,1
핵폭탄,1
어올,1
집권,1
세력,1
포커스,1
매년,1
비관,1
뿜뿜,1
즐거웟습니,1
디자인,1
핵꿀잼,1
각인,1
자해,1
서일,1
까웠,1
니나,1
으앜,1
가해,1
맘껏,1
미쳤넼,1
뭉클,1
세트,1
대형,1
노트북,1
임용,1
소시민,1
달성,1
정부,1
자식,1
번편,1
병사,1
비둘기,1
사고,1
피스,1
숲속,1
혹함,1
골져스,1
글케,1
건물,1
박히드,1
개살구,1
낳을,1
작동,1
튕김,1
물체,1
대면,1
비스므,1
배경인,1
관대,1
천만,1
맞짱,1
오래전,1
루어,1
갤갸돗,1
윈더,1
산소호흡,1
범죄자,1
평상복,1
복장,1
영영,1
착용,1
월차,1
딘갤,1
오프,1
대개,1
회차,1
개쩜,1
도구로,1
전락,1
대전,1
대자연,1
개얀,1
유효,1
유니세프,1
해죽,1
뚝뚝,1
열자,1
별루별루,1
스파,1
만계,1
샤를,1
테론,1
몬스터,1
적이엇음,1
자서,1
운하,1
일인,1
같쟎,1
저스틴,1
개봉일,1
지만지,1
에티켓,1
용한,1
근거리,1
신지,1
헛기침,1
해주시,1
깨달,1
어졌다,1
계절,1
응답,1
풍경,1
쓰기,1
주책,1
매드,1
이스라엘,1
출신,1
모성,1
구식,1
풀이,1
사견,1
잼썻,1
저꼬,1
클락,1
켄트,1
스웨인,1
정립,1
함부로,1
담점,1
줄달,1
세일러문,1
은자,1
대베트맨,1
히로,1
천하,1
서비스,1
월부,1
오구,1
잼남,1
아스,1
레나,1
함정,1
폭발력,1
순정만화,1
현혹,1
위정,1
브라보,1
보로,1
회합,1
듬뿍,1
참으로,1
음기,1
한마음,1
다작,1
의소,1
귀하,1
댄스,1
풋루스,1
활기,1
영화제,1
지은,1
별기,1
방이,1
유투브,1
저격,1
목슴걸,1
핑계,1
디테,1
화표,1
선율,1
전성,1
일변도,1
아쉅네,1
구지,1
해줭,1
여기저기,1
닐때,1
스윙,1
허탈,1
카롯,1
팬으,1
졸망,1
다망,1
불과,1
장본인,1
포옹,1
처벌,1
차각,1
페스,1
힘캐,1
로맨,1
환대,1
졸렬,1
고라파덕,1
야도란,1
방불,1
케함,1
상과,1
수동,1
무능력자,1
자애,1
음향효과,1
맥빠,1
재밋게봐,1
서기대,1
필욘,1
었던거,1
비지,1
엠깔리,1
히터,1
순천,1
없닼,1
갱년기,1
개황,1
단연,1
조신,1
키링남,1
역병,1
나들이,1
그리스,1
엔드,1
조조,1
후함,1
먼지,1
신생,1
번전,1
극대,1
일괄,1
부럼,1
무브무브,1
타라,1
중지,1
가범,1
감낭,1
흥분,1
네가지,1
고서,1
와일드캣,1
수확,1
냄새,1
정합,1
