,,,
0,  ¹        ,Խñ ٰ  ϴ θ ɻϴ  ҽϴٰ ν  Ҳߴµ׷ÿ  غڽϴٿ¿Ÿô ¿ϴ ô̴ ´ٰ ϴ 1Դϴٱ  ̱⶧Դϴٿ   ִ¹ غմϴ1 ƮŽ ó عó ̳ ׼  ʽϴʵ忡 ó° κٵ Թںе׳ ǮĿ ׳ ðǾٽ ȸϰ׳ ѹݺ̰ Դϴٱ׸ ٶſſ̷ 簡 ̶ ɸ鰳ʺͼ ΰŴ ٶƴٰ  ׷ ֱմϴ٤    ³   ϿڱǸ öմϴ,´̵ֽʼ Ϳ ÿϳ׿   մϴ幮 ϸ Ѽƴϵμϴ  Ǿּ մϴٸӸ   оϴ  ´ ãƾ߰ھմϴٸ  ҽϴ մϴ մϴ   ӹٸ ÷Ƚϴ մϴ  ´  ͳ׿ 
1,ȣ 2        ,ũ ȣ   ϳ׿ ϳ ߷ ߹ؿ ְ  γְ  ܵ ظ ظ ڼոմϴ,  庸 Ƿϱġ Ȯ 󼭿 Դϴ ̵Ѽﰨմϴϵ帳ϴ մϴپ ȣ  Ǿٰ ϴ ǮȽϱ ȵǴ°  Ͻô е̳е ƹ ô輭￡  ٴϴ°   Ź帳ϴ٤ ￡ Ÿ Ÿ ѹ ý̷ ؼ   ٴٳຸ־ƿ̵Ѽ     ˾ƺ־     ؿ
2,  ٿԾ        ,ȳϼ  Ǿ ϰְ  ׷ ٰ Ͽ  ٳԽϴٴ  󱸿   ڸ  ϴµ ٱ     ɸ󱸿   ͼ µ ɸ ȸϷص ɸ ᱹ  ʹ⿡  鼭  ߳׿ ׷ ó ⵵ƺþ  1   ̿Դµ  Ÿ̹ Ƽ  ġ Ŷ 3   ֱ̿ ٷ Ǯְ Գ׿   ڴ»  ó  ̿D,ġ  ٴ   ϴ            ð ϸ űⰡ  ġ°ű  µ ַ ֵ Ҿµ  ַ̰ ´ 𸣰ڰ űϳ׿ Ф      2   Ƴ ְ Ѱ ִ󱸿    ȸҶ  ؾ Ȱɸ ߰ھ Ф   ص ɸ Ӱɷ ģֵ  ū ϰŰ  ʿ    Ͻô󱸿 â ʿ  ũ а ִµ ű  ȳ  ؼ κ  ū   Ͻôµ ű κ  մϴ   ٶ󺸰  ø   մϴ     ϳ ־  Ҽֱ   ȸ  ׳ ȸҶ   èϸ ٴڿ ߰ ߰ԵǴµ ̷ ̳  ߰ 밢 ö鼭  Ȱɷܿ￡ھƤѰ¾ƿ κϽô󱸿    𸣰    غͳ׿ ȸҶ ϰ  èϰ ķ µ ɷ ڲ     ߸糪    Ŷ Ϸ ڰ ڿ ڷ ûο  ᱹ Ѽ Դµ ϳ׿    ݰִ ô븦 ô ٲ㼭 Ҽִ ñѵ  غ Ӹ ʹ׿  â  ׳ ⼼ ܿ￡ھƤѰ  Ŷ̶ äϰִµ 񳬽ô  ܸ Ѥ  ðǳĸ鼭  ٴ ̷ Ĵٺ鼭󱸿  г ȥ л Ѥѳ ϴµ   ųʴ󱸿 ڱ鵵 ̽  °ź κ¥ 󸶾ϴ°Ű  ο Ⱦ Ҿ  б׷ ϴٰ    ڰϴµ   ̳ô  صǴ𸣰ڰ  ؾϴ 𸣰ڰ ذ   侲ϳ׿뤾â׷   幰 ־  ٴٺ鼭 ׳  Ѹ Ͻø ʴϴ      ¢    鼭 ð ׷ ̺  ô  ƴ϶ Ӱܿ￡ھƤѰ Ƿ ׳ ջ1ȣٿ  ä ؼ  ʴϴ     ׷ ƿâ׸  ä  ϱ⵵   ÿ ܿ￡ھƤѰ ٵ ջ ̷ ذȵǼ  Zµ Ӹ ˸󱸿    ٵ ô 춧 ҹϻ ˾Ƽ ּŰ      ƴ°Ŷ  ´  ° ̳°     ƴ ٵ ô   ׷» 幮Ÿ   餻 ٲҰŰ׿
3, ĳý äӸٲӿ ؼ        ,ԽǺ ۷θ ޱ⿡   Ű Խù Ếϴʺе 𸣽Ǳ ±̴ Ӱ е ٷ ڷΰ ּ  ؼ ø ÷¿ ϴ ϸ鼭 ذɸ  Ʈ ޴°ɷδ äӸٲ ̶ մϴä  翬  ä Ƽ °Ű ̴ ĳýÿ ߻ϰ  ٴä 鼭 ϸ ̱⵵ մϴϴ äӿ   óġδ  Դϴ ʹ 翬ϰԵ ٱ̰ ª  ϻӴ ̴  äĽų Ǯϴٴ  ٸ Ͻôµ ٵ  Ÿ̰ ̳  ŭ  Ͻʿϴ ٱ 5ġ ſ ߹ִ°  Դϴ  ϴµ ä ߻Ѵ ׷ ʰ ٱ̸ Ȯ ̼   Դϴ    Դϴ  Ľ Ǯ°͵  ǮϴƯ ŵ̳ ä κп İ° մϴ    ּ 5ȣ ִ 8ȣ  õմϴ10ȣ  10ȣ ϴ ٴù ٴþⰡ ϴٿٰ  ̰ݵ ä °̴ϴδ ũLõĪT밡 ְ ۺ   Ʃ긦 ª ִ  ϳ̱⵵մϴ̰ä  ä Կ ׋ Ÿ  پ 볪 LõĪǰ ĳ ߸ϸ 󰡸鼭 ä  Ƽ  Ǯ ƹϴ ĳϰ ڿ 󰡴° ø鼭 ä ̵ žմϴ ݵ ķ ǮϴT ̰  ϴ Ϲ  5ġT ٱ̰ ̸ Ѿ¼  ɼ ϴ T ִ ٱ̴  15 õϴ° Ȱų  ªϴ° õմϴٱ⼺ǰ T 15ġ ֽϴ ̻ Ƚ 𸣰ڽϴٱ׸ ̰ݽŰ ä ſ ̳ Ƕ ǵ̸  ªԾô° õմϴä ŵβ κе  İ鸸ѵ  Ѿ Ȯ ϴĳý ణ ° ŵ ¥  ƴ̿  ɸԵǸ ɸä   Ȯϰ Ǯڲ Դϴ ̰ Ϸ  ΰԴϴ ä  Ʃ۾ؼ İü ʰų  ϰų  ªؼ ̳ ٴ ä  ʰϴ°̴ϴٽ ̰Ÿ ൵   پϴ ߴ κ ĳý °̴ϴ ĳý ̳ä ٴ  鼭 °찡 µ ̰   ٽ ϴ ǽغߵǴ° ä Դϴ   ū  ųϸ ĳý ̵    ι  ϴ  äķ Ǯ ̱ Ư ſ̳   ɰϰ Դϴũкκп ̵ ƽô  12  ݴ°ҿ⼭ ٷ  ε峪   ٷ ݱ Ǽ ΰ ڸݱ ε带  ð7080  ε   ս   پ  پϴٶǴٸ ĳ  پ ö뿣 ٺ¼ӵ پϴ ̋ ణ õõ ٰ ε带   ø ϰ ϴ尩õ   ϽǶ   ̳  Ű° ⶧   ϼžߵǰ ϴ èּžմϴٶ     ֱ̰⶧  12ȸ ĳ  ũź 34ȸ ּž  ä  鼭 ڸ ټ 鼭 ٰ  ̰ ϴ̶ 12   ̳޴  ׿ ؼ Ǯϴٺ ʰų    ٴڱ 鼭  ׿  ٰ  پ  ߻Ҽֽϴ  ļ ̱⶧ ٴγ鼭 äü ֽϴٹٴ ŵ ׻ ٰ ٴò  ذ ܼ  ּ  ĸ ״ νôºе ϴ  ̶   ϳ ϱ⋚ ׻   ְ մϴ  ī   ī ĸ ƿ°Ծƴ϶  ּžմϴٵ ƴ° Դϴ ۿ  ǵ ûմϴ  е ۴ ϴ źе ؼ  ذɸ ѱ ũ Ʒ ֽϴhttpscafenavercomksm601111409136,  մϴڼ   մϴٰմϴٲӹ  մϴ մϴ  մϴپ ϰ  Ǯ ٽ ĳϰߴµ̹ ׶׶ غ ڳ׿䤾մϴ  ̳׿
4, ä ذɸ          ,߿ ܿ  Ͽ  ä ذɸ  غýϴƩ   Ͻñ淡 緯   Ͽ  Ⱦ Ʈ  öƽ   ýϴٴ̼ ؼ   ߳׿߰ ؼ ɸ ʳ׿轺   ϴپ ɷ öƽ̴ٺ    þ⵵ ϴ ׿Ӹٷ ̳ ٴ  ϴ 뿡   ϴ, Ͻʴϴ  ɷ ηϴ  ߸ Фо˸  Ӹ   ٰ Ӹ  ٰ  ѼҸ ԰ ÿǰ ȯϴ   ׿ŵ ε ϴٱ    ó ؼ     µ ׿䤾  ִ° ־ Դϴٰ 緯 ǰڱ  ̵  ̵ʴϴٰ ϴپ̵䤾  ɷںе 
5,뿵 ôؾȵ         ,, ̻ڳ׿ η ϱ ƺ̳׿ ʺ  
6,̳          ,   ϴµ ƮŹ,Ÿ »մϴ ʵ Žغñ氨մϴ 
7,ҷµ ޽   ϳ        ,ø ҷ մϴ ޽밡 ٰ ؼ ұ ϴµ   Ұǵ䵹  ̸ ڳ׿ ۺ 7ȣ밡 ٰ Ͻô    ִ       𸣰ڳ׿䰡ݴ ʹ ٴ 20ٴ ̸ ڳ׿,7ȣ gt7500 Ǵ ũ 7ȣ Ǵ ̳ʽƼ õ 俩߿       ɱ ׸  ˼ ޽ Ʈ ֳ20 δ bt7515 ְڱ䰨մϴ ˼ ޽ Ʈ  ֽðھ䵿ѱس̹ ޽ ˻ غʽÿ轺ųѾ갨մϴbp7 bt7̸  bt30ϼŵ øϴٿ   ø 425 bp33425s ְڳ׿俹 մϴhttpwwwredpulsemallkrNaPmct3Dkjz68j1f7Cci3Dcheckout7Ctr3Dds7Ctrx3D7Chk3Daff01c6f6f9420b017307db63855af66401e2a91մϴ ׷ ī ȵǳ
8, ̳  Դϴ        ,  Ҷ ҹ̳  ϴµ ÿ ҹ̳ Ẹź Ǳ, η߶ ⵵ Ͻô龵 ״õ帮¾ʽϴ  ũ ߸ ִٰ ˰ ҽϴ ȭ϶ ü̳ε ׷  ̳ ⺻ ṵ̃ ع信 ϰ ׻  Դ´ٴ  ҿ ҹ̳° ʿ ʱ ö°ſ亯 մϴ
9, ױ  Ʈ ûԴϴ        ,     Դϴ       õ ֽø ڽϴٰ̳ ٸѹ ɾƺ ͳ׿Ƿ  ʺ̴ δ  õ Ź帳ϴ,  ͽϴ ָ ٶ׷ ϴ٤̤    ٚµ Ƹ ϴ Фָ   ٶҰ ׷׿   ٶ    ϰ ߾߰ڽϴ ̤
10,ñ ùȭ Ȳ        ,ٶ   ϱ⿡  ̴Ͻðų忡 ִºмҽ Ź帳ϴ, 4   ٶ  Ҿ  ׷ ׳ Գ׿  մϴ 
11, ׺           , ׺  ,̶׷ ȭ糯   45 ̴° ҽϴô Ѹ Ⱥ   ° 
12,  帳ϴ         ,ȳϼ  غ  ʽÿ  ٴٰ ó ù濡 ߳ 缭 ɸ  ƴϸ  ʺ Ȱ ϴ Դϴ 쿬 ĿŸ 2 ε  µ   ٴϴ   ־   ϴµ ᵵ Ǵ 帳ϴ ˻ ص   ʳ׿ ,ܺΰ ° ׿峭 ƴϸ ϼŵ ɰͰƿ䰨մϴ  ҵ پ ֳ׿侲 ð  Ͻáµ  
13,λ         ,ȳϼ ҷ ߽ϴٸ ߰ε ϰ  ù  غ  Դϴپ  Ź 䵿ؼ ˷ֽ   ѳ 帮ڽϴ Фкα׳ Ʃ Ѱ谡 ֳ׿ ̸̤ųִ ̰ ǵ Ҳ, ݰϴٹݰϴٹݰϴ ȯմϴٻ   
14, â ͻ굿  ־         ,ȳϼ   7 ̿䳬þ ƺ  ε  Ҵ ﶧ ϰʹ ϰʹ ϴٰ ֱٿ ÿǰǸֱ淡   ϽѰɷ ߾ ׸   4ð øߴµ  ѹ   ׷  Ŷ ϳ Ҿŵ뤻 ֱ  Ŀ ٽÿ ְٴٿ ü ֱϳ ϸ    ޾ƺ  ϸ  ߵٸƮ 󿡼    Ҵøϴµ  ó Ѻ ýۤ   κд ô󱸿  ڸ̴µ  ǮǮ ô뵵 峭ƴϰ   츮  ٸ ޳ô ǳ  ׷ ׺е鵵 ýϼ̰ Ŀ ڱ ô   °ſ óþ ǫ鼭   ︮׿   ־µ ¥ 淹 ųµ    Դٱ  ֽñ  ׷ ¸  ë ٵ û Ѱ    û󱸿 ȵǰھ Ŷ û Ŷ  øµ  ½ ؿ   ʹ Ȳؼ ׺е鲲  ˼ѵ ̷  ؾϳı  ַο˴µ ڱ Ŷô뵵 Դٰ˷ּż Ŷ ڱ ø Ѻ  ֽôµ ֽôº  ̰   峭ƴѵ Ͻø鼭 û   ؼ ֽð Ŷ ´°Űٸ鼭  ؼ Ҹе ׷  øµ   ö  ϰ  Űٰ Ͻð   ٰ ϰ  в  ³ı  ֽô ´ٰ Ͻø û ֽð   ׷ ᱹ    Фб׸ Ŷ   ϴ ʰ ʹ޶ ФФ  Ŷ  Ǫ Ǯ   ¾ƿ Ŷ̶ ̶ Ųſ  ڵ̼   Ǯ ϴ  °óǫ    ׺е θϽǱ Ŷȥ  óϴ  ̼  ϳİ θϴٰ Եκ ̳  ı ð ó ʿ ð ߴµ  ϰö  ߴψ Ŀ  ΰ 帮 Ծ    ˰ԵǸ ̾߱⸦ ϳ  Ƹ ׺е鵵  ƽð  Ф   Ұſ  ,Ⱑ  Ȯϰ   Ǿִ  ̶ Ų  ƿ䤻 ƴ Ф Ŷ ٽô ִµ  Դٰ Դٱ ϴ󱸿 Ф ׸ ׺е ڸεư ȥ  ø鼭  ̿öԴٱ ϴ󱸿  оƴϸ   ִɱ ñϳ׿  ٵ  ־ٸ 2ð ƹ  Ѹ  ȿü   â ۾    ִ ߷ ŵ  âƹ ̶ܿ󤾤ѱ֤  ϸ  ۿ     ¥   ѹ ޾ƺͳ׿ âȱõѱȭ մϴ  ϵ ٰ ϴ  Ե 빰̶ ؼ ذɸ 𸣰 ϼ̳ ׿    ƴ϶   ̸  ׷ ƴұ  Ѱ ׺е ð  ִٰ  ︰ſ ٵ ̰  Ŷ Ǯ ֽô   ϰ ٽ Ŷ̰餻  ̰Ź ϸ ô  ζ  ݴ ׺ Ǯ   ָ ø  Фбٵ  ° ׶  ¥ پ˰ ߳׿  ׸ ֽôе û  ּ̾â  װ  ģ̶    ִ Դϴ  ̷ϵ ϳ ߾ ߿ 빰Ͻǰ̴ϴ 
15,¥ ô ĳ ټ  帱Կ        ,ȳϼ     ̶   Դϴ٤ðԿ ε峬ô 缭 ߷ Ͽµ Ʃ 鼭 ĳõ Ѵٰ ϰִµ  ̿1 ðԿ ô븦 µ   ô븦   û ̰ ũ  Ͻδٴ ôδ ð   ô ̰  Ф  ٲѴٸ  ʰ ʺ Ѱ õּ2 ĳҶ  ġĥ  ׶   ޴°Ű   ϴ  µ ˷ֽø մϴ3ô뿡  ᵵǳ  4ô  ʹ    ؾϴ ˷ֽø鰨մϴ5  ܿ￡  ߾    ѹ ޾ƺ ޾Ҵµ 𸥰  ټ ϶ ϴµ ô밡 Ʒ  ϰ µ  ϸɱâ ͻ굿ü  ֽϴ  ,1ô ϼ ϴ2ĳ    žߵ˴ϴٸ 3 ¥̳ ִ ó  ִ ε Ҵ ح ô  Ҵٹſ δ ݹ Ŀ׸ ټ̶° Ը ٿ  ް ӿ   þ  ϰ س ô  ٰ  ޾Ƴ ӿ ΰ ̳  ǵ帮   ٷ ؼ ô  ִ ￡ ޵Ǽ  ︮ ˴ϴٴ亯 մϴ     ʺ ϰ͵ 𸣰 ε   ô  ᵵ    ѹ ƺ   𸣰  غôµ  Ѱ ޶ ϱⰡ ׷ â׷    ݳô  ø鼭    øص    ƽǲ  ѰŴ   ĽϽ 㿡  ŵ ˴ϴѹѿγ   ߰ڳ׿䤻Թ  ¿    ô밡  ϴϱ Ѱ ð Ȱô ù濡 Ĵ  ɷε  մϴ 33m ƴϽ  12  ɷε մϴ  򸮴  ڼ   ż ׷ ִ ǽؼ 12ù ڼ  غð ٸ   ڼ ޶ ϼ  ô ٰ  ͼ Թ     ٴ ĿŸ1 450  ĸƾ 7000 õ̿ ļ 6 Ѿ׸ ټְ      Ƿµ µ ͻ ű  ü   â   մϴٱ׳ â ̶ žմϴ 亯 մϴ ô밡 m  ʾҾ׿ Ф  ð ߰ھ  ĳÿ ٰ д۷  򸮴° ʹ  ׷Ŷ Ͻôµ ڼϱ  ڼ ڼ °ɷ Ф  ϰִµ  Ÿ̹ ƿ 𸣰ڳ׿ ФФФ  ʿ ƴ»1 ó Ͻôºв ϴµ âؿ Ѿ ؾ ٰ ϴ°Ű  ұ Ѿ ̰  ׾   äϽó 
16, 潺ϴ        , ص 12ȸ ִµø ؼ ȸ ÿ   Ͻʴϴٰ ŰǰŶϽϴٿ ȸϰŶϾ ǽġ ʽϴ,   ̿  ̷ ϴó һ縣 ݺô´  Ȥ   ȸ̷  ̽ø Ŵ޾ƴϽǱ䷹ȸ  ٴ  ǽ̳Ʈ   븮̽ó׿ 
17,λ   Դϴ        ,ȳϼ ֱٿ ÿ  ԹعȽϴ  Ź 帮 Ȱ  ϰڽϴ,ݰϴ٤̴µ  ϼ̳Ǽ մϴٰϼż ݰ  Ե ϵ帳ϴ٤ մϴٻ    մϴٹݰϴ   ϵ䰨մϴ٤ϵ帳ϴٰմϴ 
18, Ŀ Դϴ        ,,ô Ž а ӹ信      븱ִ  ֽϴù°  ع  Ƶдٴ° Դϴ  쿬κ ʺ  Ⱑ  ̳ ¼ ߿    ô ̳   ϰ ˴ϴٵι° ð  ο  ٴڸ   پ  ؼ    ٴ 鿡 ߶ֱ⶧ذɸ մϴٳ Ե鲲 佺մϴ  ʹ   īõ Ұ ׿ 亯 մϴٿ ̰ ִ߿ Ʈ ϸٴ   ׾߸ ٴ ƴ϶ ٴڿ   ̳ 쿬 Ⱑ  Ǵ  ٴȤ ٴ  ִ ̸ Ⱑ ԵǴ Դϴٹ ü÷ ߴ޵Ǿ Ȱ ̶ ص  ִ ̿    ´ٰ մϴ̻ ֿ ⿴ϴٰ ٴ̴ ̳  ٸ ߿ Ʈϴ մϴٰū̴ ô Ÿָ鼭 ŽϰãƳ״°ǹعϸ ع䵵Ÿ帣鼭ϴ ű⿡ä񸦰긮°̴ϴٿٴ ŽŸνų Ÿ ĳ   
19, ä            ,׻ øϰ ִ ֿ߱ ϴ  Դϴ ÷ ֺα  ϴ° Ȯϰ ϴ  ýϴbut    1 ε ƺΰþ 244m MML Ʈ,ε尡  ׿  带 ⿣ ޹ٷ纼  մϴٸ޹ٷ纼 ߰ ϰڽϴ Դϴ  ̶ ε׼ ul  10002000  ջ 04ȣϰ ٱݹٸ  °̶  ߽ϴپణ µ Į ´ ׷ ׿ȵ˴ϴ  ô°Ÿ ߰ ִ°Ÿ ĳú ܿ   ׿ ĳú غ ϴپȳϼ  Ÿٿ    ־  øƽ 762ul ũƮ ceana762ul 轺 ul ª  âŷ 082׶    ϴ     ƿ   ׶  轺  ޶ ʿϽø Ÿٿ ˷帱Կ ٱݹٸڹٸ  Ѳ ҷ Ф    ƽϴ ª    ȳ 244ͷ Ѱſ    õ û 帳ϴ ϴ   ɽú ̷ Ẽ      ϴ
20,ȭѰѰ        ,     ̿ϴ   ٶ Ҵ   ôغε巯   Ұ۴̴ ո  ־ ӿ   Ű ո   μ     ٸ  Żߴٴ      ִ 빰츰 õ ֺ   ֳ׼ ӿ   Ű ӿ   μ     빰  Ƹٿ      ִ 빰츰 õ ֺ   ֳ׳  ֳ,մϴ ȭ Դϴ ϴ 䤾   ˻ غ Ͽ ϰ־ ˼
21,ʺ ߰ ̿        ,ȳϼ ʺ òԴϴٿϰ ִµ亸 ϸ ֺ ε Ϲغΰ ε̾  ݾƿֺ ε  ̰ ̳Ҷ 㿡  ε غҶ Ǵϱ   ܹ󱸿  ð  ñѰ ׿ , ̱  ÿ εְ  ̰ ¥ ָġ°ǵ  ޶ ϰڳ׿°   īٷ óٳ󱸿䤾 Ȱϴ մ¹ݸ鿹Ѿ̳   Һ Ⱦ ҺκҺ ȣҾ༺  ݼ  Һ Ǿؿ ׹ۿ   ؿ
22,ðø    弼          ,      ìⷪ ǰ  ìؼ  ÿ  丮óشٰϸ  𸦱   Կô ,Ҥ  Դ°  ϴ ׷ ظԾؿ ׸ ٴϰ ־Ǯ ʴ  Դϴ ì    ° Դϴ ֽø ˾Ƽ 丮 ּſ ϴٰ  ؼ 簡 ϰ ϸ鼭 ̳  Τ    Դ   ġ  ְ Ѽ߶  ƽô е 
23, Ʈ ǵ帳ϴ        ,ȳϼ ֿ ϰ   ø մϴٱٵ   øϰ  ø  ؼ ø ϰ Ȳε俵 α   ϰ  õ   ִ Ʈ  нμ 862ml  ױ׶ c3000hg Դϴո ջ  Ź帳ϴ, ؼ ̳  ׳ Ҹ մϴ ո  ϼſմϴƯ ̶ܿ ̲ϴ Ͻñ  ѵ ɾžѴٴ°žȳϽñٶϴٹǵ ҹǵ׹ ؿ  ǵ ҹǵ ƺԴϴٷδ 뷡 ֲٹ  ɴϴ
24,   ϱ        ,۳ 8   鼮2 ȵ ģ ãƿ ϰ Ա ø پƴº ƽð װ ȭ ְ ؼ۳ ־ ķ  ִ°̱⿡ǿܷ ö̸  Ե  Ŵ̰  ö  ϴ ݸ  12 ɸ غδ뿩ö̸   ã ް鵵 ǿܷ  Ŵ̰   ĳ ø ϸ鼺 ٸ ־  ִ°̴ٿ볪 뿡  ⼺ǰ 3 ٴ ä    ؼ ä ϸ鹰 ణ ̴ ְ     ִ°̵ ϴٺ   İ Ҽ ְ  Ƣ Ｎ  ̶    Ҽ  ٺ ̳ ̸  ũ ߶ ϸ ȴټ ַ Ϲ õġ ġ ̿   ִ´ δ ׷ õġ  1 ġ̸   ԰ Ͽ  ߸    ִ ̴ ׿  ø ô Ե ϴ   ٸ  ̴  ̳     ٸ    ȭ ä ̿   ޴°ſ  ̰  ִٰ   ߿Ѵٴ° ˰ Ǿ پ Ư¡ ´ ä ϴ° ٿ    ä ⼺ǰ Ǵä ظ  ؼ ä  ִٸ ݻ÷ȭ ̰    ʿϱ ս Ϲ ⼺ǰ ä ϴ°͵ ϴ   ַ δ  δ  ö  ̳  ֱ ĳ ø ´밡 Ե  ٿ ؼ 庸ð Ѵٳ ð Ⱓ   ʾ  ʵ忡    ø 涧    äغ ä  ص ĳ ̼     Ѱ ٽǼ ݺ     ˷  °͵ ̴پ    ô  Ŵ ̴ø ؼ  ú   3 ̻    ı⿡ ÷  ־ ڴٿǿ  ø ϼż ٸ  γø ϽŴٸ ⼺ǰ  1ä 2ä ַ Ͻô´   1ܹٴ ä    Ҵ ٸ   ַ Ϸ 3ȣ Ǵ 4ȣ  ô´3ȣε   ϴ´    ȮҼ ־ٳ  Ҷ  ʵ忡  ջ縦  ʴ´ջ 08 2ȣ  ΰ  ׻  ٴ̿¡ ȣ  ĳ ø Ҷ  һӿ  Ҷ  ջ   ʴ´ٿ    ȸ縶 ̰ ְ ü 5000  Ѵٿ ô ̴  45 ̻  ʰ ô   ʴ´ٱ ̻  븦  ص ϴ Ÿ  ĳ Ѱ ٳø ԹϽ ʺ ʻ̳ õ ټ  ̽öϽð ϴ  帣  äغ ä뿡 ѰƮ긦 ̿Ͻø ս Ҽ ִ  ٴٶ  õ 帮 ʹݸ ãƺ ڱⰡ ϰ ϴ 帣 ø̷а  ϴ´    ɼ ִȤö  鼮 ݰ  ǿ  Ͻô ø 4߼ Ŀ   ̸ ֽø 󸶵  ϴ ϴ    Ͽ  ص Ͻø δ   浵 Ҽ ̷ְ  곪  ִ ̱⵵ ϴٰ ĥ 󸶵  ְ õ ϰ ϰ  ִ ̱⵵ ϴٴٸ Ͽ콺 ٴ°  ѰƲ  ׺  ϽǼ ִ Ͻô и̺    ڴ,ߺҽϴ  ׿鼮غ   ķ ְ ԴϴټƮ ̳ ¦ѱ 밡   ߼  ĳ ǿ   ؿƯ 鼮̳  Ÿ  ̵ϸ鼭 ƿȤ ױó  ø  ֽø  մϴݸ   Ͱ ־ ̵ ϴٹѼ ȸ ȴٸ ̰  ްڽϴ 4߼Ŀ ѹ  ڽϴ ð ſ伺ǲ ʴϴü ̵  Դϴ٤Ѽﰨմϴٱ  ҽϴټ ̽ŵ  ʿ  ô ǰ ȸǸ  ϰ ͽϴٳ׿    Դϴٻ꿡 ļ 20 ̻  ٴҶ  ĥ꿡  װ   ؼ  ϳ ؼ     װ ٴ  10   Գ׿   ߰    ϰ ͼ   ϰ̸ ÷ ٲ  3 Ǿ ׿п  ¥  Ծó׿䤾 Ƕ  ϰ ̸   ֽø  Ҽ ־
25,λ꿡  Ȧ غź Ű        ,ȳϼø  ʺòԴϴ ٺɹ̸  ϱ   Ȧ Ϸ ϴµȦ Ĵ  Ⱥ̴󱸿Ȥ λ꿡  Ȧ Ǹϴ  ƽôº Ƿ¶ Ǹϴ° ˰   ã ֽϴ,λ   ϴ Ȯ   غ主Ͻ λ ޽ λΰ亰Ѻλ ׷ϴ¾ƤѾ갨մϴ ѹ غڽϴپ Ʈɹ 2ϰ ΰ¶մµ 3ϳ  ޴µ Ȧ°1վ ޳׿ ׿  մϴ   ε  Ǽ̴ٴ  ϴ٤Ȥ Ͻ  Ȧ  ٺɹ̰ ſ ĳý ưٰų ٸ   ̳    غ ̴ ñմϴٺѺλ ̻ε ʸ뿡ް ѹ鹮δнѳּʾƤ  Ѱ  ̴ٸ   ֱ Ӹ      Ƽ  ִ Ǹ  üǰ غ ߴµ ƴϴ   ѷڽϴ մϴο Ⱦƿͳ Ǹϴ° ˰ Ȥó  忡 Ǹϴ  ִٸ ٸ ÿǰ      Ϸմϴ٤
26,ȳϼ        , ϴٰ  ø ִ´뱸 ԴϴߺŹ 帳ϴ,ȳϼȳϼݰϴٳ ݰϴ ݰϴپȳϼѴ뱸׳ ݰϴ ȯմϴٹݰϴݰϴٹ 
27, Թ ̵θ        ,, Ͻô°Ÿ ƿǶ Żñ õ帳ϴ Űδ̸  ̸ִ³ô ߰ ô°Ը½ϴ 100 ߺϼ̹ ߾ ׵ ϴ ô нǵ ùǥ 15000¥ 4Ⱓ 2 ߾     ϱ⵵ ߴµ ƹ  15000¥  ϰ ֽϴ  ε   ߾   Ͻó׿  ð ̶  ϸ ѹغ ϸ鼭 15000¥ Ʈ缭 ȥڴٴϴٰ ó ѹ ÿణ ʹվ  ĳ缭ϴ  Ѵ޸  ɳ gp7 500      ϴ ܺð ɳ ٽ°͵  ƿ 񳬵Ǽſ   մϴٳ Ǯ ٷ Ϸ  ˾ƺ ̿  ̶   µ Ϸ  Ϸ ִ̱ ܺ ͽϴ  ó ԰   ε2 s2 b2 Ŭڽ  Ұ 6 ĸ־ƹڿ      ϵ  ִµ   ʽϴ  ؾ ̿   ε  ϴٰ  ؼ ų 80 150   µ    𸣰ڳ׿ε 1219 ۿε  ִ  ƿϴ      ˸  ĳ   ε  ޽  Ÿ ε ̴ϴ ϴ  ıⰡ Ȯ ϱ    ȱⰡ ϴ ˸̸ ¥ ó ƴ ȱ ǰſ׷ 15000¥ Ŷ ϰԴϴ ϸ  ٲ   ƿ 
28,ѿäö«        , ȽŸ ȹ ,Ͻó׿亼  űմϴ٤ϼſ  ̽ϴϵ帳ϴ    ְ 弼俵ͳ׿䵿عٴٴ  ü ƺ ηϴٿ  ٸɲ̽ʴϴٲԾ䤻ó   
29,  ̿        ,̹  ̳      Ͻ÷ ºֳ ʿ   ó̶ Ʈ õ Ź Ȥ ôºø ⵵ մϴ , ٶ  켱    ֱؿ  ϸ   ҰŶǸ  ֽϴٱ׶  ѹ  ּ  Ǵٺ  ڶ ȭµ Ͼ Ѵٴµ þⱸ   ðܾҰŰϴ  ȭ¸ƺð Ŀ ڸ ΰſ
30, ̿        ,ȳϼ̹   µ˴ 3 ĳ  ̾µ ϰ  ϳ   ñ Ǿ̤300 ε忡   µ    2000  ɱ׸Ѱ ִµ̰ſ Ϸ5ȣ   300 ε  ᵵ   ұ, մϴٿ   Ѵ   ְڳ׿䰨մϴٱ 5ȣȾŵ ˴ϴ3ȣ  ظϸ  öͿ׳ մϴ
31,ȳϼ  ÿտ ִ   ä Ĵ° ƽôº Ǳ        ,״Դϴټʿ ø ϴµ  ÿտִ ̿ äΰ 30ȣ 3õ Ĵ ۺ ִ ä Ľô° ƽôº Ǳƹ ãƵ  Ф,Ȥ 25 35ȣ ߿   ܹٴ ä Ͻô° ƴѰ ׿ ä ̴̰ ̽ ̰Ÿ¾ƿ1111̰ 𼭱Ҽhttpsmsmartstorenavercomgritlifeproducts5002208711NaPmct3Dkjtf190w7Cci3Dd49939e2f6865b00748aef870514c263277af4517Ctr3Dslsl7Csn3D10624967Chk3Dcbffc1bf120270bd171248505c07347d55db94e6̷ Ͻô° õ ִ° ãø ־䰨մϴ  ٵ   ؼ ߾ȳ󰡴󱸿 
32,  ƾ  ʿ ȭ         ,ֿ̹  12Ϸ   Դϴ ȭ εؼ  帳ϴ 밡Ѱ    ,t 3տ ֽϴ ȭǰ ʿ ȭ ֽϴپƾ ۹ϰ ū غ ִµ ڷγ  ִ  Ȯ غ ҵ մϴٰ ȭ 
33, 췰        ,ʳ   ϴµ 췰     6 µ ѹ ƺþ׵ ƺԵٸ    Ȳ  赵ġ  Ұ縮  ̷  ´ĵ 췰 ѹ Ƽſ Ծ   ʳ׿  ּ ű,췰 ó   δ мر µ䵿ر Ȱ췰   վ ⺻Ҿ   ϴµ 10⵿ 췰     ٰ  ޵ 300 Ű׿̽ʴϴ  ̱ٴڿ  Ȱñ   ̵ŷ   ϼžմϴٿ ޾   Ȯ ֱ ̳  Ʈ Ͻø 췰   ־ʺ̽ñ    ġ 췰° ôµ  ׿췰 仵ٱѸû־ױ  췰 ־׸   1015mĳϽø 1Ÿ1 ذɸ̾ 췰   ؿ 
34,ٽ 4415          ,,ϵ帳ϴ
35,ʺԴϴ        , ʺԴϴָ ð  Ͻ ں ȯؿĿõ鵵 ƿԲϽðź ּ, ָ ðµ ַ ٴմϴ ðǽø Ŀ    ƻԴϴ   ׸  Ŀ̾   Ƕ ̰ǿפõȳ ˰ڽϴָ ö  Ͻó׿ ٴ   ޴̶  ؿ ¾ óǶ 鸮ø ĿǴ Ÿ帱Կ  մϴٹ氡ϴ  ѹؿ
36, õ Խϴ        , ϴ ʹ ׿ʿ   ù ϰó׿䤾,Ʈ  ̳׿ ϼ䰨մϴ٤̤ ø ÷ּ  븮̴ϼȺѼ￹䤾̤̤̤׷   ſ̰ڳ׿  ִ 빰ϼ   Ҿϳ׿ ð缭Խϴ٤ غ   ÷帱Կ䤾̤  ô° 
37,  ǵ帳ϴ        ,ȳϼ䳻     1 ϰ Ǿϴ ãƺϱ ޸   å  ִ ű⼭ 㿡  ѰҰϴٸ ð   «غ ϴµ Ҹ    ƴϾ    ִ ̸ ˴ϴٹð û   ִ  伱Ե  Ź帳ϴٰմϴ, ٸƼ  ô Ʊ  ϱѵ  ̾ȳɴϴ٤24   쳬ֱ ޸ðȮֽϴٱʰű迡 ׳̳ źʿ ſ뿰쿡 ̰ ´ϴ
38, ̳   Ѱ ֳ        ,ֿ   ؼҰȹε  ҸѰõ ¾ȱ ѵ  پѰ õŹ, 2 ܶ ô ״ڴپ    մϴ ش  õؼ忡 ٸ  öµ մϴٳظ پѾ մϴȰ ̹ ٴ̶ ־   Ⱑ  ׿  ù ϴٸ   ־  «亯ֽźе մϴ
39,ܿ  ̷        , ʿ Ʋ 15ð ÷ ߴµ  ѹ ׿  ̷,  뿵 ġ Խϴ  Ѽ ߽ϴٰܿﳬ 鱺пͿ ̻ ְ̳׿  δ  Ǿ  ߿ŰҾ  ܿ￡  ƽ  ϰԤ ½Ͱ   ־ ڼϴ礻Ʈ ƺ̴µ ű    ȳµ ̶ܿ  Фش ؾ ̳ 쵵 ׳ üȮΰѰԴϴٻߺ Դϴ̷ ܿ ׳ ߽Ź շǴ   ҿ ° ƿ   ָ  ִµ   4 Դϴ
40, 巢        ,õ 빰 巢ʿѰ,巺  ϴٱ״ڿ巢 ̵  ϴ̷͵ 巺̾ĳԴϴ٤  ̳׿ մϴ٤ ׷ ġ    巢ʿ伺 𸣰ھ  78¥  ϴͱ޾ƴ̻ 츮 ٲ ĳ 빰 Ȥ ξ ̵ ġ    ƴϸ 巢̾̾   ж ʿ ô ġ ó ǽºΰɷ ˰־ 巢  Ѵٴ¤ 巢 Դϴٵ巢½ð ̸Ʋ  Żմϴ   鿡 ;մϴ
41,Ʈ ڸο         , Ʈ    Ʈ   ڸ ο Ͼ 찡 䳬 ÷ ϸ鼭  ϰ ſ  鶰ֱ⸸ ߴµ ø ذ鼭 ̷ ڸ ο 鼭 ȸǰ ϴٹ ȸԴ   ϴ         ϴ ͵ ƴϰ   ϴ°ǵ̷  ̷  ͼ ο ϳ׷     츮 3 ٴε ҵ ̷ Фа    ְ ϴ  Ƽ ׷ɱ ó ǽǾ  ǿ    ָ ڴٴ  ϴٿ ϴ а   ϴ е Ű   Ѽ ׿, ٸ  ⳪ Ȯ   ϰ  Ʃ곪 ȫ  ׿   ⵵      Ѱ 100δ ߱ݼӵ   ѹ ϴ  ׻   30оȿ ̾ øϴ ׸ ִ°   Ȯ   ƺ ʻ ̶  ʵ Ž ֱâ ϴٰ ó ǵ ɴϴ  ׸   Ȯմϴ    ٽ ѹ ƺ̶ Ʃ ȫ   ǵƿɴϴ ׸ Ž X » 켱̰     ϴ ϴ°ź  ϴ¹   ȵǰڴ  °  ׻ ׸մϴ ׷ ϸ ° ַ ܿ ǽ Ǿ  ֱó ٴٷ    ǽü  ϰ     Ʈ     رݸ 纸ϸɵմϴ  డ   ڸ   ϴ е   еԴϴ    ìܰô  ð ο⺻̼  ɼִ° ׷  ־߼    Ұ ƿ츮  α  α ⵵ϰ츮 Ư  ؾѴٴ ڼ ɵ   ϴ° ׿ Фб׷  ġ Ʈ ָ ϸ Ϸմϴ    嶯     ° ٻϻ󿡼 ư ðձ ޷Ӵµ عް ð ġ  ¥ҹ   ƴѵ̱ Ϻ ε ׷ Ұ پ ȯ浵 ƽ⸸ ϳ׿иϰִº 켱
42,          ,ٴٿ  ̿ ٸ¥  ո ضߴ غϴ ĳ ԰ Դ ݵ   ĳ Ѵٹٴٿ  ̿ð ٸȲȦ  ո ȭâ ϴ  ԰ ƺ õ   ϰԹع Ѹ,
43,ȳϼ ֵ Ѵ޻Դϴ        ,,η ֻ Ѵ غ  غؾϳ  õ ϰͳ׿ ̿ Ͻô°   1 3 ֽñ  1 鼭 ÿ  1Դϴپƹ ֶ ܿ ׸ ּ ý   ϴ ׳ ⺻ä ٰ ϼ Ͻð    غϴٳ մϴ  տ 빮 Դϴ
44,īä         ,泲   ðµ  īä  ϰ Ծܿ ð طӳ׿ ٶҾ   ߿ ε ҿ ٴ ߿԰鼭 ϰ  ٺ 1  Ե  Ŀܾ 帮ϰø鼭 û 2 ֽðż û ڵ̳׿   ϰ û  ؾ߰ھ ɷ ȳϽð  ڷγ Ͻð ָǼ,װ̴̴ ׷ Ҷ Ѹ   Ҷ Ѹ    ó ̷ ϴ° Ӵ ߿ﶩ īīä ׿½ϴ ̳׿¥ȸε  ׿  谡  ֳ׿ ̳׿  Ư  Фд ׷   ٶ     ϰ ֱ ̳׿ 
45,  ǵ帳ϴ        ,۳ 5 ø  Դϴپ Ⱓ 󸶵    Ƚ 뷫 ָ  Ͽ 3ؼ  50 Ǵ° ڷγ  ε ָ ҵ ѵ    ʾ Դϴ  1 4 ְ   2 ̰ ٳ ε帱 Դϴ1 ߰ Ϸմϴٷε   4   ε  ׿Ф1ҽ 9õ븦 1 Ѵ2 ̴    ϳ  缭 Ѵ εߺ   ҽ  ٰ  ϴµ  ũ ǹ ֳ ͱ⵵ϰ Ƴ׿䤾 ̴   ô ־ ϴٺ  ⿡ δ Ǵµ ߺ   ٷ ҽ ° ´°ɱ,ҽİô°Ը   θ  ϰ 渱ε ϱմϴ ԰ ѹ̱Ż  󱸿߰ŷ  ø õõ  ô°͵ϴ   ̺ο  غ  ̰ ´  ؾ߰ڳ׿䤾  5000 ø ˴ϴ   Ұ ø װ Ҥ亯 մϴټҰ 繬߰ھʺäѰ籸  ϼ̾  ϴ  ̶  °     Ƽ  Ҵٴ   ðŵʺäѰ籸 ƺ 帮  ϳ 纻 ִµ ϰ  ߾ 34  ε巴 ø󱸿̾Ѻλ  Ẹ ʾ  󤻤 ũ ǹ  ; ̾׿丶 2¥ ε      ʿ 䤻 ľ ĳ մϴٳܤ ɰ θΰɷξɺ 2 ѱ ɾ Ǵ ε
46,λ         ,ݰϴ  ŴϾԴϴ Ź帳ϴ,ݰϴ ȯմϴپȯմϴ ݰϴٻ   ݰϴپ  ݰϴٹ氡 ݰϴ
47,  vs        ,46  ǥ̴ּµ  5050Դϴ٤   ŷ  ٸ,  Ͻôе ߿  ϱ Žð  Ͻôе   ô 찡 ټ ߻ Ŵ° 󱸿ڰ Դϴ٤  ߴµ  Ѱִ ༮  ֳ׿䤻ֺɤѼﵿ  հ   վ    ϱⰡ ָϱ մϴ٤̤ѽ  Դϴ  Ǯ ФФ   ī  ̷λƿ䤻ֺɤѼﵿ Ʃ 鼭 븮ϰ  鼭  ͳ  ϸ鼭  ϵ庣Ʈ  ѷ° ճ׿   ö󰡱⸸ ٶԴϴٿ   ϸ ׷     մϴȥ ð° ƴ϶󼭿  丮ֺɤѼﵿð 鸸Դ° ƴѰ䤾Ѽ̷ ̵־         ƿ
48,bp7500ñؿ        ,ôºе ǰ ͳ׿  ̰ϰ ִ ôε ߶   ʿ ˰ͽϴٰ ϴµ˻غ ̶ºе ż  ʹǳ׿, Ŵ  ÷ֽ ֽϴ  Ͻø ɵմϴ  ⺻ Ǿ־䰳 BP7500  ִµ 㸮  ĳ Ÿ    ʸ  ΰϴ󱸿 ϸ ߻ϰ ֽϴٿαʾ Ƚ̳׿ϱ ϵϰڽϴٰմϴ 2 ϴµ  մϴ ̶߰ ˴ϴ   ߰   ľǵ  㸮 ó  Ҷ ϴ°    Ǵ  ϴٿ ĳýÿ ڻ ҾϰԴ  ϰٴ󱸿б׷  ȱ ǻ簡ִ»Ȳ̿ϴϿ  ϰڽϴȣηϤѺλ  GP ʸ뺸 ó ־ʾƿټƵ ʸ ڷ Ǿִ° ſŷѿԹֺ ˱⵵޴µ gp bpٰ̰ؼȣηϤѺλü ̳µ ʸ   Ѱ ƿ ̴ ְŷѿƱ׷ ϰڽϴٰմϴٻϽô ε尡  ˷ּ  ߰ Դϴ  ƿŸī ߰ε߽ϴ̸߰ ٳ׿䱸Թα׿
49,ȳϼ Ȧ ٴٷ    մϴ         ,  ߿   дϴٰ⵵   ͵  ˾ƿФФб׷  ʹ   ȸϵ ׷ȥڸ  ð ; ׷⿣  ܿ ٴٰ ְ° 츮  ȸԵ鲲   ƽð ִ° ֱεȤ ó 㿡  ȥڼ  Ҹ  ȸԵ鲲 ư ߱Ͻ Ʈ   Ѻ  ⿡  ̹   Ȯذ    ų  ȳų  ȵǴ ģ ŴϿ Ʈ ˷  ֺ ׳    ʹ ϰ ִ ԰ ٿ   ȥ  ٴ   ϰͽϴٰâϰ Ұ ƴϱ ȫŽ ƴϸ Ʈ ǥ ¡ 丷 ؼ30ȣ   մϴٺŹ帮ڽϴ٤Ф  س ﵹ    ˼ ٸ  Դϴ,    Դٴ ðھ䱺 䱤ֿ   ̳ Ȧ  ȥڼ ð ƿ ٸ  ġ ñ俵 ȭĥ뱳 ߰溸鼭   ϸ鼭 Ҹ۶   ϼ ߿ ƹ  ҵ ôٸ   ε  ־ ƮοϽŴٸ 㿣 1  Ʈ ٵ  帳ϴ ū ʽϴٸ  Ʈ Ȧ ϴ ϱ̶ٸ ׷ ô ̴ ѵθ   ϴ  ÷ҽϴٴ ʹ 帳ϴپ    غڽϴٴٽѹ  乫    𸣰ʼߵߴ뱳 ǳʼ ȸؼ  µ ϴ ϱ ϴٱּ 1ð 40йߵ  ±濡 3ȣ 24ðϼϰ äϼż  ٴ ߿
50,ʺ           ,ȳϼ  20 ƹ  ι볬ø ϴٰ ȥ  ÿ Թغ մϴ ׵  Ͽ  ٽ4ȣ ŷ ߴµ   ħ븦  ߽ϴ  鷯    ôµ    ̸    ߽ϴٸź Ⱦ 4500  ٴ  Ȯ ÷Ƚϴ ٽ4ȣ ︮ 𵨷 õ Ź帮ڽϴٹħ JWǽ̿  ĵ 1803̳   Ż Ʈ ġ ߿ ϳ Ϸ ϴµhttpssmartstorenavercommisterleefishingproducts5080727778, ǰ ϴãƺ ź Ⱦ  5 Ѵ   ־ ø Ұ ƴ   4   ǰ Ͻô° õ帳ϴ EX  ũνĳƮ 4500ġǰ   ǰ  ̴µ Դ ̽ϴ  JWF 1208 ̰ ϰ ֽϴغ õķδ 1803    غ غ   մϴٱ׷  JW Ŷ  ΰ ̿ϴ ̳׿䵵Ǽ ڽϴ Ͻ JWF 1208  ĵ 1803  ΰ  ´°ҽĵ尡   ϴ ˾Ҵµ   غ ϰڽϴ մϴ۳ ĳ  źȾ4500缭 µ  12 ؼ ĳ1060Ǵ1080 ô° մϴپĳ ũĳ  ٰ  ǰ  ٳ źڲ  Խϴ 亯 մϴٰġ밡 ޽  Ư󸶳 𸣰ڳ׿丶źڵ޼ ٽ  Ҽִ  ش ٷô°͵   ƽġ ܱ⽺°͵ 9 Ǹϰ̴ϴ ǰ125 Թܰ  ǰ Ư   ٸ  е鲲 庸 Ⱦϴ 亯 մϴٱѰ ƴϸ ǰ ٷð Ͻø ΰ߿ ص ǵ̿750  ο غ䷹ ǰ ö   غ ϰڽϴ մϴ
51,  ĳ   صȽϴ         ,,1 ƴ մϴ  ýϴٺ  ּż մϴ ȭ   ʰ ÷ֽñ ٶϴ٤ȣѿ  1ð з ÷帱״ ŵ ּ3 ƴ϶ ̴ 
52, ä մϴ        ,  Ȯ ̴ ä httpsyoutube6IGhCifajxw,    ̴   µ ȿ  ̾ ñϳ׿ڲ 䵿 غ ٲ ؼ ԴϴûӸ⿩ 1޾Ƽ 俬 5ȣ 3 ߴ󱸿غôµ 麸ũ ̴ ״
53,Ѿħ̽         ,   ϸ          Ե ó   ˾   𷹿 ö   پħ  ڿ  õõ           ģ   Ƽ    ε  Ӱ ϶  °  Ƿ        빰  빰  빰 , ̽̽ʴϴ ÿ ̽ʴϴ ̷ٰ  ϰھ ɿ úٴ 翡 Ͻô 
54,ô  ħ ֽǺ        , ϴٰ  ԹϿµ δ ׿ ̤  ϼż ˷ֽǺ  Ļ ĿǴ ׽ ϰڽϴ,췰 ηϴ ʴϴ٤̤  ŷ 췰   ϰ ƺ 췰  1 ƺýϴ٤̤Ʈ  Դϴ٤̾ ñ  ͳݿ ãƺ  ſ   ɵ׷ ľǵ߾ȵǳ׿̹̤ѻô׻ ľ  Ͻô  ߿ؿ ľ  簡    ƴϰ    ˴ϴ ׹ٸѼﰭ1ȣ  ϴµ ĵġ ĵ  δٺ Ⱑ ɷձ⵵ϰ ׷  ä˾ƺµ  ׷  ä  ط ϳ׿̱    ־  ٽ ȯ濡 ° äԴϴ ٶ  Ұ ĵ ڳ  ư ĵ ϰ ٶ  Ÿ 븱  Źմϴٳ  ø Ȱ°   մϴ   Ұ ̳׿䤻̤ѻô õõ ˾ư鼭 غ 
55,BT30425         ,ȳϼ ̽Ǵ 󰬴ٰ  üϱ  ִ ʺԴϴ Թ ε ޽ BT30425 ߽ϴìֽ ޽   ޱ θŴ ģϰ 亯ֽð 氡ìּż  ѳ մϴ,̰   ׿䤾 óٺ°  Ϳ׿ ¥ ̹ۿȺ䤻ε尡ȵ׿Ű bt30425 ̿ 750    Թؼ  ̳׿    ̿  ȳ 빰 Ͻʽÿ  ϵ帳ϴ٤ ̴Ե ȳ 빰Ͻʽÿ尻Ѵ뱸մϴ  尻 ̲ ޽   ǰΰ  ð糪䤾̤θŴԲ Ư񽺷 ּ̾򵵳ѳ ̻  Ẹ տʺ ̿ ıⳲܳ ù° ޾ҽϴ 尻Ѵ뱸  ϵ帳ϴ  ıϰڽϴ ٤ ư
56,ڰ   õֽǼ ֳ        ,Ʈ 5¥ ̿ 3 ġ 󳻸 ܱī ִ 36췰 32 45ٸ   ϰ  ߾ִµ̸̤Ź ܱī  ū  øε̰ ªƼ ҾȺҾϱ⵵ϰܱ ī쿡 40g ī īѰ Ƽ  20̻¥   ô밡  Ű󱸿 Фй  뵵 ° ؾϴ° ڴٺ 1ȣ볪  ʹ ̰ ä ü ̷͵ ̰Фб׷ Ѱ εФ   غ̿乫Ը ׷ ߵְ ذɸ Ȳ ִ ʿ ø ϴµ ߰ߵֱ  볪  õֽø ؿ Фйٷ ,ƺΰþ Ƽ  μīƼ2500 ¡ ֲٹ  常߾µ䤻 ̰ 常ϱ Ƽ       ϰ ֽϴ  ϴ ˻غϱ 10 ʹϴ°  ̷ɷ  ֳ Ĵٷ̤Ѱ֤  ݹۿ ұ׷  89뱸10  ǰδ ְ ǰΰɷ ˰ֽϴī𿥤Ѻλȣ   ε  ָ° Фưư 밡  ָͱؿ  ФФФФФ  ø ε ª  ä⿡ ´ ε  ϼ M MH ø ǰڳ׿丱 Ǵ׺ Ʈ ϽðݤФ Ʈ  þο   ˱׸óǰ俩ڰ ⿣ ķ  ̻ ƿ̹ ˻ٷغϱ   ְĳ  Ͻô°   ˻ ѹ غϹ   Ͻô°  Ը Ѿ ƿ밡   °Ŷ  ſ  η ʰ ε嵵 ªƼ Ͻ 帣 ° Ͻǰ ƿ ͱߴµ Фгʹ μ  ƹų ٰ ȸұ ̳ ФФФФ
57,2ð «  Ծ        , ڴ 25µ  ϱ 215׿䤻׷  ո ҽϴ  ջ ³ ñ ˴ϴټԵ  ϸ   δ  Ͽϰſ øϴ ,ոմϴ  Ÿ ʹ־ް⿹  ʹ սϴ  ٲ㰡鼭 ϴ° ȳ εϸ ׸ŭ մ° ׿ 亯 ϴϴٱ ұó ̷  ͼ  ؼ ؼ ݰ غþ ׿䤻 մϴ߿ ȳϼ ٶ ȺҸ  ƿ ϴԵ ȳϼſ մϴٶѶѤѱر   ߵǴ° õټֳ ϤѺλ  ѹ غ  ˰ԵǸ õص帱Կ㿡 λ ø   ּ   ƺ ͳ׿  ʺ Դϴ  ׳    ͵ ° ƿƮ ã ǰ 䰰ϴ 亯 մϴ
58,̹   غ Դϴ        ,״ΰ ְĶϳ׿  15 12   Ŀ ϴµó ϴµ غ  ұ  غ غ Ʈ ˷ֽø ϰڽϴ, ũ ȭ ׳   ü    ȹ ȣȣ׷ մϴ Фйٶ̶   ƿ ٵ ִ̹ ٶ ǳ̶ üµ 20 ϰſѴٰ 淮е԰ е ڿ  ǲ θŵ 󱸿Ҽ  ߿  մϴ٤ ö ٸµ   ʸ ٴ幰  帧 ϱ׸ غ̽ö Ʈ  30 Ƽ⵵  װ  ȿ ô  غñȮ 亯 ؿ ٶ   Ҿ׿䳯 ߿ Ͻ ϴ°ԳҤغʿ  ٸ  Ѵ  ݳ    ͽϴٿµ  ö󰡸  ׶   ׷ ٸ  Ҽ ֽϴٰմϴ ִ°ų԰ ǫ ߰ڳ׿ ׳ غ 䳪  ٶȺҸ  䤻  г ܿȾϽô°Ű䤻
59,մϴ        ,35 ߴµ ׿   4m Ǵ°Ͱ ħӵ ʹ  ̷  ´°ǰ ÷ ˾Ҿ ٴµ 25 ɸ ŷ5ְ ؼ 2̸ ̹̹߾̳׿ ϴ ̾, 1 ħ  35 ɸ ǿ ǰΰ  ħӵ εƴ ٵ  25ʶ° 1 ΰ 4 ΰְѿǰ鸶 ٸ  ʹ  10 ο 6 븻Ÿ 3 ø ˴ϴٱ׸  õõ ɾ ¡   ° Ű   带  ɴ Ÿ °̴ϴٺ   ο °      ϸ 븻̳  ŸԱ  ǰ Ը   ֽϴٹְѿ̶߱  ڴ 峪׿   ߱ ؼҰԴϴ   ˰ ̿췰Ѽи   ǽ    ǰ 鼭 ؾ  ϸ ǰ ȸ ǰ ż    ħð  ô° ֱ Ͻôµ   ɵϳ׿ŷ ⸦  ִ ׼ ƴ  ׼ ϽŰ ƿ
60,˸   ּÿ  ұ        ,ι 볬ø ϴٰ  ԹϷϴ Դϴٵ ˸  Ⱦ  ϳ µ   ƴ°  ÿ  ɱÿ ãƺ ѱε ı 󼼽 öurlܿ乮Ǹ ϰڽϴټ۾ ƾϳhttpsaaliexpresscommK565Gh,ʹ۾ƿhttpskoaliexpresscomitem1005001543192006htmlspma2g0ocart0040c53c00JCOyhOmp1̰ 1100缼  ĳ1080 ͼ غ ũ ̰  󱸿  ø  ø ñؼФѾѼȰ ġ 췰Ѽʳ ￩ٰ  ġѹ ƺڽϴٰմϴ 巺̸ νø ġ ϰ  ŷڼ   ̰   峪 ź Ű ѵ  巺 ʿϽŰ   ̸ ǰǴ ٸ ǰ  ƿ ƴ   鿩    ϸ   ڳ Űű Ѥ  ΰ丱  ƹ͵ Թغ  ʺԴϴپƴµ ذŶйҶ ַ ִ ñؼйְѿ5000̿Ѽ3ȣ 170  ֳ׿   ִµ 빰  ƿ 5ȣ 100   ͳ׿ 縱 ŵ ˴ϴ ٸ 3ȣ̻ ° ߿ְѿֳ Թ̴ ϰų ѹ Ẽ 亯 մϴ Ǽٹ
61,  õ        ,,õ ʶ ׿㿡  Ͻôº  Ŵٴ󱸿    ׿ ̶ Ÿ հ   ˷ֽø Ա  ߵǾ ֽϴ͸Ѻλ갨մϴ  忡  Ʈ  󸶳 ɱָ  Ա ϰ   Ա  γؽ 忡 ٸ 鼭  Ʈε ɾ Ա Ͻ 3 㿡 ε  ϵſѾ  ʿ ϸ  ǳʰ ٸ 1е ȰɸϴټϾƺѺλص巣 ޸ մϴ    Ǵ   ְ ƴϸ   ߰   ڽϴٻغ  ʼ͸Ѻλ  մϴ      Ѱ׻  ̼  ѹ Ȱó׿䤻
62, ֳ׿䤾        ,  Թؼ  Խϴϴ  ߸𸣴 Lٺä ϰ 30ȣ  Խϴٰ   Դϴ٤ ֳןGĳ ϴٰ ű⵵ ɾְ Ǯ ֱ ߽ϴٸ   سо   ϰͳ׿䤾,ſ ð ñ ٶϴٰմϴپ߿켼  ´ٴ е԰ ϳ ߿ Ʈ  ڿ ־ ٶ ִ°̿侾׷ٰ ̵ ģ1α ηϴη׿ 빰ϼ Ͻñ
63,  ҷ ϴµ 𸣰ھ        ,  ø  ʺεø ϰֽϴٱ׷  ؼ ϴ°  ͰƼ ̸ ãƺٰ 쿬 ̽͸ ϴ  ôµ Ŀ  ó  ߽ϴȤ ƽôº ּ ,̶ ÷ֽø 帮ڴ´Űε մϴ 𸣰  Ű Ȯߴµ   ã ;ΰ   ; ãԴϴپŰε  𵨻 ͳݿ Ⱥ̳׿ƴ 𸣰 ߰ ۳ Ǹűۿ   ֳ׿͸Ѻλ߰  ־׿ ٵ  ã  ΰ Ф
64,Ŭڽ          ,Ŭڽ ϰ  ǥõ δ  ȿͼ  2 ǰä Ѱ ְ  ̿͸ȣ 7000  ɱ ڵ ʴ ͵ ְ ׷  ˼ ׿,5000̸ ˴ϴ ũ 2 ְ ä ä Ŭڽ  ٴ 2 尩 Ƽ  ְ ٳϴˤѻôưմϴѰ ٶ 7000׳ ΰ ä Ƽ ǰ   5000 մϴٰմϴ ڷθ  𸣰ھ䤾OO7000 µ  ִ° 2500   κ 10ȣ     Į ġٿ  췰  ޲ٹ ä մ ֱ 10    Ѱ ̰ ִµ7000 ְ  ưưؼ ڴ մϴ  ׷  䤻 5000  ɳ丸̤ѳִٸ Ƚãƺ ũ س Ʈ ־丸̤ѳ5000 ɾϴ 7õ̶ ũ ̴ Ǥѱ ˻ ªҳ մϴ
65,Ե õּ        ,Ϸϴµ ƹ̾丱ε õŹ,httpscafenavercomksm601111423059 ø ŴԲ ڼ ּ̽ϴ Թ ĿŸپĳ ߴµ Թߴٸ ٽ4 ŴԲ õֽô  ؿ䤾մϴʺ ó 30 425 Ͻ ϴ  23  ٴϽôٺ Ѱ谡 ɴϴٰǥ̹ ޽ ƯǸϽô ٽηεϰԱϽø ɵմϴ
66,õٸôٳԽϴ        ,õؼ忡 ٸôٳԽϴ ô  ϴ°Ű  ߿ṵ̄Űĳøϰ ¾ ÿѰ⸶ð ҽϴ httpsyoutube28VdwHEu9M,߿ ϼ̽ϴٰմϴٻغ̹ϼ̾װմϴٰϼ̽ϴ  1 4Ͽ ģ µ  ݰ׿ 1⸸ϴ¿ö ĳϰٶٿԽϴٻغ̹ û߿ ־߰ڴ̤̳ ִäغϼ ĥ ٳԴµ ٸ  ó׿䤾׷̱ е鵵 Ѹô  1012cm ۾Ҿ
67, Թ ε          ,ÿ ԹϷ ϴµ ε    Ͽ Ե鲲 ǵ帳ϴٸ ݾĸƾ7000 or Ʈ6000 or 1060ε DASSA 4415 or  30450 or ݾ ĿŸ2or3  ֽϴʺڰ ٷ   ϱõŹ帳ϴ, ʺѵ 30450 ĳ  Դϴʺ ѼŸ ASؼ  ϴ߰ ٽ4415  ֹ߽ϴ   մϴٰ Ϲ  ϴ° ƼĳƮ 1060 or 1080ĿŸĿŸٿ ƼĳƮ 1060 ҰͰƿ俵¹ʺ̽ö Ʈ ſǰ̴ϴõ Ư48000 ѵ  ٽ 4415 ϴ̶ ̰͵ Ͱ  ⵵ϰ ̶ ⵵ ׸  ߺ   Ҽ ɷ Ͻô° õ Ե ó ̹ ٽ4 õ帳ϴ ĳ ϰ  ٷ  ϸ ٽο 
68,Ǭ׼ Գ        ,ذɸΰ ΰ ̼    ָ߽ϴپ  ٽ ذɸó  ̸ ִ ġ Űܰ ٽ    и ɾ ׷  5  ̴  öԴµ Ȯϴ  ġ  Ѵ   ϴ  ¼ ɰԴ  ƺôµǬ ԰ öԳ׿ Դ   ٴټӿ ư Դϴ ׿   ƴѵ Ȳ ݵ  ׹  ¸ ִ   ó߽ϴٱ׷ϴ Ǭٴ  ¸ ִ   ٿ ɷ 󶳰ῡ ԰ Դµ󸶳 ð ׷ ġ ־ ִ ٷ  Ŀ Ϳ ó    ִ  ġ ſ  ϰԿϴ  §ؼ ȣ׿ ߴٰ  ׹   Ұ Ƽ  ݴ  ؼ忡 ϰ ƿԽϴ , ׿ ѰɱԸ̳׿ Դϴٸ䳻׿  Գ ȫԵ  ٴٿ ƿͼ ǰ ų ü ȵǴ  ױٴٿ  ư ׷ϴ ó û κ մϴ٤ õô  ʿ  Ե ǰ  迡 ٴٷ  ֵԴϴ װ    ٰ ϴ 󱸿 ׷ 迡 иؼ ŵ   ÷ ׿  2 ƺþ ؿ ԰ ؼ ű ߴµ ̷ ſ ϳ ϴٰմϴٴ 𸣰 ױ ܿ  Ը ýϴ 迡 ⵵ ϰ    ̴󱸿 ű
69,          ,  ıԴϴ ̾оƹ żο ù ޲ٹ ķ  ׿ żο 4ð ä ɸ԰  ƴ Ⱑ տ ̴µ   ̳ ȸԴ°ɱ ÿٸ  ־  ̴°  ٷ ô ʹ ſ ߾Ф  ٴڿ Ե  ̴ Ա׹̶ ־ٸ   ʾ ; غ ٸ  õֽ Ե ־ غ ôµ ٶҰ ĵġ ϴ װ͵  ʴ󱸿  ô    ƿ ;  ׸ ذɸ ѹ  ƿ Ȥ ¦ ɸ  ʰ ٷ 󱸿  ٳ ĥں ر  ѵȰ   ڷγ   ϰ ͳ׿ httpsyoutubejwSVq7f1Hac,ѹؾ߰ҿ  ° 䵵ٸ ¼ 㿡 ٹ    ۿ ϴô  Ưױ  ̸     Ǹ ڸ ο ؾ մϴٿ ñ⿡  ׳ ٶ̳ 鼭 Ѵٴµ   Ұ ϴ̷ Ƴ׿   ߿ﶧ ߰ھ ôٰ 2߼ ٸ  䵵ٸ 2ž ĳCHOIѼݵ 2 Ǿ  ɴϴٻ ǳ׿佽  Ϸ ѹ  ϰ ־  Ҷ̴  ϴ
70,˸  ƺ           ,ƹ    ż ưưϰ ɵ ƾ߿ɱ׷  3  ϴٰ ֹ 5000 ڵ   ֹ߽ϴٿµ 3ְ   ɸ ϳ׿, lj ø׿ ϵ帳ϴ ⿣ ̸Ѱ ϴٱ׷ϱ  ƺ ĳ Ẹ ̰͵  ʴٰ Ͻô󱸿̾Ѻλlj hq  ̸ µ  ϸ û ս ƹ̶ ð ñĶȣѿâ ð  ڽϴƺ̳׿¥       Ƽ ҽϴٿ  ̰ ߴµ ڵ  Ҹڵ ռ ̶ ִ ƺ   ù ޾Ƽ ڽ    þ ּ Ź帮ڽϴ ̳׿ ڵ 򤾤  ϳ httpssclickaliexpresscomeA95qjh
71, 帳ϴ        ,س׹ ַ  5ȣƼ  ϴµ̹ ջٷ ٲ㺼մϴٿ켱 Ѱɷ ٲ㺸ϴµ 8ջ翡 ɷλұ 3ȣ ұջٵ Ǯ  ٷ ä ؼ  , 2ȣ5ȣ  ø ˴ϴJOF ȣ  ̶2ȣõմϴٱ׷ JOF  Ϸٵ β ³׹ Ȱǰ  3ȣϴٽǮ ٷΰ ° Ǯ 굽ϴ ó  ϰų Ϲ ٷ ٻ¦ ñ õ մϴ ش  ϷԴϴ 2ȣջ Ƴϴ ̰͵ ٸջ ٰ ߴµ  ͺٵ 󱸿2ȣ ٰ մϴ
72,ع ּ        ,  ϴµ  뿵Դϴټõ 10ÿ ϸɱ䳲شٱ Ʒ  Դϴ,
73,λ  ׸         ,˼մϴʺ  λ꿡 ȥ Ҹϸ鼭   غ ͽϴٷθԴϴپ   Ե, ϸ鼭 ؾ Ҹ۰ 忡   ִµ  ǿ ʾҾŸ  ǿ  Ǳѵ  Ÿ ѱŸ̾ΰ䤾õǳΤѺλ׿ ü ϰ ϸ鼭 ϴ° ִ Ҹ ȵǱ߳׿ ɿƳ ˰ڽϴ
74,ʺ  ĳ ı        ,  ۳ 11 Դϴٱٵ  غ     ٳ׿  ȣ Ƽ  غ  Ǯ ̶ δ   ַ ߰  ׳ 1ȣ 缭 ѵι غðٵ  ĳ ó غϱ ̰   ٸ   ĳ ణ ߱ 3ͷ  񽺵ϰ µ ׷ ص  ưµ  ׷ ϴϱ     ư󱸿 󸶳 Ȳ  Բ ٿ ɸ׷   ؼ  ׳   ư±׸ ĳ ü    ؾ߰ڴ󱸿 ü   ʿ ̶ 㸮 ü  ҵ  µ ´ 𸣰ڳ׿ ĳ   غ  ׷  ϴٴ ð ٰ ߴ û ؾ ǰڴ ,   ϴ° 𸣰ڴµ  ε ź ̿մϴٳ            ־µ Ͻô   Ű ü   100 ôµ ¸  ְô󱸿  ĳ Ͻø    1     ׸ ޼  ø  ϴ    Ŵٰ ϸ ϴ  ڼ ڼ  մϴ ߴٰ ׷ ѹ غڽϴ ФѼﳪ ٳŸ̹ε  ̰ ݺۿ µ ؿ Τѱ ǿܷ ö   ؾ Ǵ  ׿븶ġ  Ʒϵ   Ÿ̹  ؾ߰ڳ׿  ߿ѵ δ± ô ź ̿ϴ°  ū ƿź ̿  ˾ƾ߰ڱ մϴ  εٲ۴   ϴ ø   ͼµ ¾ƿ ׷   ָ ٴϴٰ ĳ Ʒ   ù  մϴ     ְ     ־ĳ   ؼ
75,ѿ        ,9ù   12  « 33cm  ٸ 11   ٸ   ȸħ Ÿ  ,ũ ٸ ѹ Ծͳ׿䰭   ϵ帳ϴ ½Ѱ ʹٿٸ״ ̾ھũ ξ ٸų ¥ ְ ׿ ü  ô°ſФ   ׻ κηƮ ˰ ø ˸  ̿信̽ѿ
76, ԹϷµ ô 帳ϴ        ,ô   õ̶ ƹ͵ 𸣴 ʺ 忡   𸣰ھ  ʽ忡     Ǵ ñմϴԵ  Ź߰  ٵ ð Ե ø 90ۼƮ 󱸿 ߿  ǰ ε ݴ  ǰ Ź帳ϴο2ð gu6000 43ȣ2Ʈ 12 1Ʈ Ž 6 ԴϴٱԴϴ,ðʹ Ϻ   ߱Դϴپ Ϻ ˾Ҿ   մϴٷ޽ ǰ ʽ  ε尡 ־丱   ߱޿   Ǽ ִǰ   õ帳ϴٳ ˾ƺڽϴ մϴصĿŸ   ĳ1060  ̷ Ѽ 10 ٿ  ȾҾջ8ȣ3ջ ɷ߰ ٸ ε ī Ե  ʹ Ƽ ãⰡ ׿ Ф  ø 2Ʈ 12 ÷   ˾ҾԱԴϤѺλꤾ   μ̸ ̳  asߵǴ ߰ ߵǴ ĳ  ϳ׿䤾̷ԱϽø ߿ ٽ ȴ ūش Ⱥǵ䤾 ԹϽǶ ڽ߱  ôٰ ļ  Ǽ
77, ϴٺ ñѰ µ  Ҽִ          ,ó  𸣰  ٴϴٰ  ȳ    ̷ ø ٴϰԵǴ󱸿 ٴϰų Ϸ õ ʿҰͰ ؾ   Ҽִ     ⺸ٴ¹㺸  ߳´ٰų ׷̵̿  ,ؿ  굵ٸ̳ Ȱȭ ־ κ 㿡ø  ٳⰣ    ؿ İ ԰  Ű׿    ٸ  ݾ ÷ǴͰϳ       ô Фе  뵵 Ф ̾ƺϻФк  Ȯ   󱸿 ٴ÷ ɹٸ ϸ  ɹٸ  ޸ϰڽϴ   ٸ Ȱ Ȱ    ؼ   뷡 ٸ   ǰڳ׿ ٵ   ش ̳ ̳ Ⱑ   
78,  õ Ź帱Կ         ,    Դϴټ  ٳ ĳͿ 25420 ũνĳƮ 4500   ٳµδ ޽ gt 30425 븦  Ϸ俩⿡   õ Ź 帱Կ, 35sd ҽ9100Ŀ »ũĳ  ŵ ɵ ѵ׷̵   ǰ  α ƿ ũĳ ĳ  ҽ Ŀũĳ  ص ǽð ׳ɴ ó ҽ  ĸ  Ͻø ũ   °ŷ غ 뽺 ҽgt30425 ҽ9120  ֽϴ  մϴٴü ҽ̰ ׿   ϰڽϴ 
79,Ͽ   ȭµ Դϴ        ,12  6 ϰ  7Ϸϴȭµ  µ ʹ ʹ ° 䤾   3¥̻ Ѹͳ׿䳯  ׿ ٸе鵵  ڷγ ϼ ׸ Ȥ Ÿ  õϳ  ѹ غ;ó̶ 縦  ϰߵɰͰƼФб оּż մϴ,Ÿ   Ҽ   ٵ   Ͻõ󱸿  ٳð ı Ź帱Կ   ̵ Ͻô  ʿ 䵶   ʿ 2ù Ͻø  ϰ  ´ٰ ϴ  ٶ ٶ ġ Խϴ Ͻôºе ؼ   մϴŸ ұ˰ȭѿ ٿ ´ٴ°ɷ ˰ ֽϴ ׷ 峪  ϼ䳬ô ˴ϴ
80, ⺻  1ô         ,ÿ  ⺻ Ŀ ¿4ȣ vs 7ȣ vs 30ȣ ε Ư¡ ϴ Դϴٺ  ȸ Ͻð  ϽŴٸ׶  ϰ ٸ¿ô ǰ̴ϴٴ ϰ  ϱ  鰡  Ͻð ɰ̸翬    ÷  κ ó ټʹ Ŭ̴ϴ ׷ ϰڽϴ٤ѤѤѤѤѤѤѤѤѤѤѤѤѤѤѤѤѤѤѤѤѿ츮 ̳   ʰ̶  ְ ô븦 ϴ °⸦   ͵̳ô뿡 ԵǾ ֱ Դϴٿÿ ô Ʒ 5    ְ ɺ Ŀ 帳ϴٺŸŸ ô  ̼ ̵ 90 㸮Կ ɴϴٱ׷ϸ 㸮 Ƶ ڻ 뷱  㸮   Ÿ ɴϴڻũ CĿ JĿ ϴ Jڸ Ųٷ  صǽCĿ Ư¡ε    ϴٱ׷  ª  ָ ִ   ̰  Ͻôº ϴٱ׷ ⼺   ֽϴٱ ⿡ ε Ѱġ  ް    ֽϴٿް  հ ɸ   ʰĿ Ѱ ϴٹݴ JĿ°   ϰ 󰡰⼺ CĿ꺸    Ǿ ϸ 㸮  ɸ   ׼Ǻ 㸮  ϰ ϴټ C Ŀ꺸 JĿ갡   ĳ   ϴ  ֽϴٱ׷  ϰ ɸ ĳͰ ǴϽ   ָε尡   㸮   Ÿ ɴϴ̷ JĿ ε尡  Ѱġ ư ־ĳ ũ ܰ ĳͰ ϴ ڻԴϴ̰ Ϲ ĳͿԵ ſĿ ſ̳ ص Ÿ Ȯ  ִ ū  ֽϴ Ǹ ǰ JĿ 귣ϻS  ޽  α Դϴٹٴڰ ô ̰ ٴ д  ª ٴ д   ϴٺ񱳴 ƴ  ظ ؿ 10¥ 8Ʈ 100¥ 5 ô븦 10 밡 н̰ٴڰ  ô ̿ °̰ƹ  縦 ص Ѱ踦 ̰ܳ ϴ ԴϴʸŴκ ʸ   Ͼľ ٰ ˰ ǰ̴ϴٸ 絵 ׷ ˰  ϱ⵵ մϴٱ׷е ʸ  ľҶʸ  Ӻٹݴ ð ö ӵ   ϰ ˴ϴٽ Ⱑ  Ҷʸ  ٰ ݹ߷¿   ñµ̰ ӵɶ ׸ ݹ߷¿   ñ ӵ   ľ ϴټ ٴ°ä   ִ° ʸŰ Դϴʸ ð ö ӵ 鴩  ˼ ְ ˴ϴڰ  ñ    и Ʒ ʰ  Ʒ 䵿   ̵ Ҷ ʿһʸ    ϴٶο ĳ Ҷ Ҷ ô밡 ְ Ǵµô밡 μοٸٰ ϸ Ű¿ۿ մϴٿذɷ ô븦   ڷ   ƴ   ұ׷ ô븦   ־   ø    ʽϴٳô밡 ָ鼭 ο  ϸ Ű ҽ  Դϴٳô밡 ε巯 ο  ߵǰô밡 ܴҼ ο  ˴ϴٱ׷   3ȣ 7ȣ 30ȣ ϴū⸦ ɾ   5ȣ 7ȣ 30ȣ ϴﳬô밡 ε巯 빰 ο ϰ     ֽϴٶ     ٶ ĵ   ޾ä  ϴ  ȣ ߵǿ亯 ô밡 ż   亯 ô ȣ  Ȫ ٲϴ       ٽ 4ȣ  ٽ ּ ٽ 4ȣ  ȣ ؾ ǿ亯   ʿۼԴ ϱ̴ ªϵβ  ۼ ϴۼ ٴ  ڰ   ֽϴٸ е ϴ  ô βԴϴĳý ô û ӵ  Ǵµ̶    β̵  ӵ  ũ ¿մϴٱ׷ ޽ ε  ϴ٤ѤѤѤѤѤѤѤѤѤѤѤѤѤѤѤѤѤѤѤѤѾƷ ÿ ʿ ⺻׼ 34ȣ 7ȣ 30뿡  Ư¡Դϴ 30425  췰 ӹٸ 뷡  ̺ŸJĿ 30ȣ 㸮  ־Ÿ մϴĳ ũ ϴٸ 150m̻ Ʈ 븱 ֽϴʸ  ο30ȣ 7ȣ뺸  ʸ  ֽϴٸ 30ȣ 7ȣó ϰ ϸ500̿ʹ ޸ 425 뷱  Ÿ غ ˴ϴ30ȣ   췰 ӹٸ 뷡  ʸ  ʿ䰡  ε ʿ丸ŭ ʸ׼ ϿŸ  ξο  ġ  ƴϱ⿡  ξϴٹٴڰó  ִ   ϱ⿡ ϰ   Ư ߰ ϸ  Ȯ ø ֽϴ ܴѻ Ǵ   վ 췰 ӹٸ 뷡 ڰ ڰ Ǵ 𷡰 Ʈ  ĳ ϴĿ  ̴ ظմϴۼ7ȣ 500 ϰ    ֽϴپƷ  ä ľ  ƯƮ  ϴ ԴϴѰ ι ٴٿ  ٸ ʽϴõõ ð Ͻñ ٶϴ,ܿϺ ̳׿   ϼ Ļ絵  Ͻñ ô ޲ 羲  ݾƿѿ  а   ٽε ϳĤȭ bt4ȣ 缭ѿ4ȣ  ʿұ ; Ȼ´ ߿ 뱺 ֵѷ   ھ Ĥȭ4ȣ ֵѷ Ȼǵ̹ ֵѷ ñ⶧ 䤻ѿҰĤȭ     100޴ ĵ ĵ մ ε忡䳻׿ ᵵ ̳ ֱⰡ ᵵ  ĳ   ִ εѿٸ  ̳  ϴ ̱ ٳͼ ߰ͳ 
81,XԴϴ        ,Ȥ Ʈ  Ҽִ°  ġ ̳ õԴϴٳñ۾ƴ϶ ˼մϴ,̵  ߰  Ұ մϴ
82,   ƽô         ,ó  ε  ɷֳ׿乺 ˷ֽø ϰڽϴ,  ﰹ ϳ 1ǥ ˼Ե  ÷Ƚϴٻ Ⱥ  ɷڽó׿ŷѹѱ֤Ϳ ¥ ɷ մϴٿ °100۰Դϴ   ȳҿͿ  ׺ ̳ϽʴϴٰԴϴٰմϴٻغ  䰹Դϴ  縶Ͱ̻ ¥ 縶ó  մϴ
83, ô  帳ϴ        ,ȳϼ䵿ر   ϰ ; ô ˾ƺ߹ٳ CM  3ȣ 3530W ĿŸ1 ߿  ϴ DASSA 4415 ٰ  Ͻôµ ª͵   ǳ׿丹  Ź帳ϴٰմϴ,bp bt gp gt 缼亯 帳ϴٰݶ ĿŸ1  Ҵ ãٺ ٸ  γ׿ Фб  ÿ   ƴѰ˻ϴٺ ʿ ô ϴ   ãƺ ڳ׿ 亯 帳ϴٵع  ýĵ ٶ  Ÿʴ 2ȣ ջ23ȣε 5 ̻εź ߿װϽð ε Ͻñ ٶϴٸ  Ǿϴ 亯 帳ϴ÷ϴ  ݾ״븦  Ҵ  Ƴ׿ ̤bt7515 õ帳ϴ 5̻ 忡 ϴ  ִ°     ϼž մϴٰմϴ   ݾ״ ô뵵    ʾ εǳ׿ Фд亯 帳ϴٹа綱ѿ 30530 ֱѵ bt  ٴ ôٸ  ּϰ̴ϴٹа綱ѿó̽ø  Ͻô° ٵ Ѿ  ε  մϴ 𷡿 ٰ峳ϴ  Ͻôٰ ô° õ
84,λ ù ı        ,λ꿡 ü ֽϴ  ,߽øٰ Ѹ öϱ  󱸿 ոϵ帳ϴٰմϴ٤  Ⱑ  ٴϴ Ʈ  ŵ ؿ  Ȱ  ÷ȴµ ð뵵 ϰ ö׿䰻Ѻλָ ٰ 嶯 ƴ϶  ؿ ׷   3m   ָ  ϱ ߿     嶯 Դϴ Ⱑ   Ʈ  ִ°  Ƿ ƴұ ;ٰ ϼ̳׿ Ա  ־  ٰ  ٽ ۿ ΰ ö Գ׿ Ф2°  ֽø ϰڽϴ٤Ф
85,ջ 2ȣ ⼺        ,ȳϼ    䰢ϰ е尩ϴ ϰ ִ Ȳ 2õ ī 3õ 08ȣ ջ 4õ 2ȣ ջ̷ Դϴ ׷  ر ް ŷʺ ε  4õ 2ȣջ簡  ָغԴϴ  08ȣ12ȣ ٰ ˰־µ9ջ淡 ˸ 浿ŷؤԴϴٷε 8Ʈ m  8Ʈ ml μ뺸Դϴ  4õ 2ȣջ縦 Ǯ ٰ 08ȣ12ȣ  or   پƴϸ   ϰٴϽô Ե   ˷ֽø ϰڽϴٳ   ٽѹ  , 3000Ͼ 4000 ī ︳ϴٴ մϴ Ȥ 4õ 2ȣٷ  Ȱ 3õ   12ȣٺ غ° ͵۶캣Ѱ ɷ å۱  ϸ صǽǱ产ȸ½ϴ ÿ̾ ϰŴϽø ˴ϴ  ϴ´뿣 ֽϴ٤ðѻô׷ϰ 2500̳ ؾ߰ڳ׿Ф962mh 븦 缭 ع ˹ġ or ر  Ÿؿ ָѰ䰨մϴ2000 08ȣ ð 3000 1ȣ ð 4000 ȦϽ μ뿡 2ȣ ʹ ٰ丱 뷱 ȸſ信뿡 08ȣ 2õ μ 1ȣ 3õ4õ 볪 ͼ ŵ ǳ ʹ β 2ȣ Ⱑ ָմϴ3õ 븱̶ 1ȣ ָҰͰƿ׷ 2ȣ ̴° ֱѰ䤧۶캣Ѱ2ȣ ŷ ø ϱ ǰſ2000  ٲٽö°  þ 2000 ε ϴٰ ǰμ 3000   뷱 ȣ ǻ緮鿡 Ƽ õ 帮 ̴ϴ ȣȣѺõ Ϸ ؼմϴ ϴ 4õ ϰ 1ȣ ߰ڱ
86,ֱǿ ٶ Ѱ         ,  ϱ⵵ ϰȯ Ű Ͱ ߿ ô ì ξ޳Ѿµ մϴٳ ٶ   µ ܿ￡  ø ؾұ ø Ѵٸ  ǥϰ ƾϳ  ܿﳬô ߸𸣰ڽϴȤ Ե ٶ ٴ°  Źϴ,׳ ¥ ٶ  Ŵٰ  ϼ     ̵ Ⱑ ׿ ֱǿ   ̳쵿  ġ  մϴ  尡 ٶ  Դϴٱ׷   ʴ䤻Ŀ վ  Ѹ̾ ϸ ξϵ ģ 뼼
87,   â ϴµ        ,̳ â  ҸѰ õŹ帳ϴīõǴ  װ  󵵤ѳƿ,â뱳 ؿ   Ͻô  Rµ ȭǵ ְ XX ˻غ  մϴٿ  â   ޷  뿵 ñ ΰйٴٻԾȸϽʴϴ  ׸ ֱ ͻ     ٳ  ġ ȸ߰ɶ縰̤â׷Фб׳ Ʈ õּ äϱйٴٻԾȿ ѹ þ  â Ͻñ׸ѱ ʵٰѵٸθԽϴ٤ФйٴٻԾȿ ̵  Դϴ٤ ¥ ߳; չٴڸ ٸ 뷡縰̤âϾƤ̤̱ ųٴٻԾȻ λ õ뱳 ٰ ๰ 긮 Գ׿䤾 ׳  ָ  ̾ ϱ
88,   ҸѰֳ        ,ȳϼ䳬 Ӵϴģѵϰ    ҷ   ε       ҸѰ,  ϰµ ݵȰ Ƽ ̤̾ ׷̤ ߴµ 󰡼 Ѥ
89,˸ ÿǰ õ        ,ȳϼ׻ ī並     ޾   Ϸ մϴ Ʒ ǰ   ˸ ؼ Ẹ õ帮°̴ ʿϽź ؼ Ẹ1 LED ķηhttpssclickaliexpresscomeAfu6KvUS 449 56 OFFLED Camping Light USB Portable lighting Phone Charge Solar Camping Lantern Rechargeable Lamp Waterproof Outdoor Hiking FishingPortable Lanterns  AliExpressSmarter Shopping Better Living Aliexpresscomsclickaliexpresscom ǰ   13000  ۺ 3  ִµ  280W ¥ ϴٰġϱⰡ ϰ   մϴ280W  Ⱑ  ϴ Ҷ ޴ ε  մϴ¾翭  Ͽ  ޺   մϴϹ  USB ũ8 ϰ ѳ  8ð̻  մϴٿ ϽǶ ﰢ뿡 ɾ ø  ϴ ˸ Ѱ߿ ϴ ǰ Դϴ2 LED ĸƮhttpskoaliexpresscomitem4001186555899htmlspma2g0s90423110027424c4dEfZHtaUS 43 32 OFFCOB LED ĸ Ʈ ΰ    Ʈ      ĸ Ʈ Ŭ Ʈ ߰      AliExpressSmarter Shopping Better Living Aliexpresscomkoaliexpresscom,ĸƮ µ   ¥ û׿  Ѵ޳Ѿµ 20ϰ̰ڸ ̰ ֹϴ   ޶  ϸ ޾Ҿ䤻 ã ۵ ־ ۺ ѱݾ  Ѱ Ͻø ɵ Ʃ Ѽ¾ƿ
90,ٽ         ,ø ѹ غ; ã ִ  ٽ Ǹų  ũ   ȭƮ Ѵ뾿  ߽ϴٸ ε  ؼ     ٷ߰ڽϴ٤, ϵ帳ϴٰմϴ
91,ܿö  ǥ ڹ̵ٸ        ,,մϴ մϴ   ǳ׿䰨մϴٵ Ǽ̴ٴ Դϴ ſ Ϸ Ǽߺҽϴ ؿ ٸ   ڳ׿  ַ ؿ մϴ  ٸҽ ְҾþ¼  ؿ  վ簡 Ǿ ФиƼũѼվ   ϱ  þû׿ θ  Ҿ ƴ 𸣰ڳ׿ƼũѼ
92,ð        ,似  9 ι   ߿̴ ԰   ϱ ׿븦 Ȱ ȸϳ׿   ׸ϴ Ʃ 鼭 ٰ߱ ī p ϰ  ٽ 纼  ƾ߰ڰƱ  ڷγ  ׿ڷγ Դ ϰ ŵ21⵵ ĵǱ غ  ϻ ̰ܳ ôٴʾ غ  ð  游ϼ,غ  ׿ ̹      ſ
93,ξ           ,  ķ ϴµʻϰִµ  Ϸմϴū  Ȥ ׿ ֳ̳ ɽ ü ȮҼֳķ ׷  ͳ׿̤, վ 뷡̹ۿ ͵  ˹ 뷡̵ ־ Ⱑ  ׷մ԰ δ ٸ  Ϳ̸  ˴ϴپƻ̸  ϴ°ǰ¥Ѻٸ  ϽǰŸ  Ϸ  θ Ϳ丶  Ͻð ϽŴٸ ҺʽóѺξȾ ϰ ʿ ΰ Ҹ۶鼭 ־߰ڳ׿䤾亯 մϴ¥Ѻ۶ ȵǿ վ û ޶   õõ ƾߵǿ亸ʽóѺξȾƱ׷ǰ䤾ٻڰڴµ ׷ ̰ԾȽᵵ ¥Ѻװ  ٸ  ׷   30ȣ 亸ʽóѺξȿ ìܾ߰ڳ׿䳻 ٶ дٰؼ ʿ ̳  ̵Ҽ ìܼ ѹڽϴ٤¥Ѻؼ 亸ʽóѺξȳ ˰ڽϴ
94, ϰ        , ѹ غڴٰ ϰ2020 ʿ   ̴°   ٴ ø غ  1Դϴٲ ؾ    ִ°ǰ ﰢ ϴ° ˰ڰ   ϸ     Ǹ  ī ߰Ҥ̵ؼ õķ   ִ  䵿ؿ ؿ ô      غؾ ϳ ưԸ ϴ,ϵı Խ̳ Խ ø   ˰ Ǽ־俹 մϴ    ڽϴó ׳ ðϰ;ȥߴµ ī伭  䰵δ äù濡 ׳λ縸ϴٰ 쿬 ⰡԵǰ  ϴ  ִ䳬ö°Ծ غ   󼭿䰨մϴ ε   ȴٽͱ⿣  ʹ ҵ ƴϴ   ߶ û  ø ˴ϴ    ͳ׿䤻մϴ
95,         , 30 450øƼɽƮ1080  ϸǳô ÷ϴ°Ŷ 𸣰ڳ׿,Ƚ XL Ʈ  ž  õؿ ǰŸ 5ȣ ջ 8ջ 3ȣ õ帳ϴ ø غ̴ٸ Ư ջ縦 غ 83ȣ õ帮µ  Ǽϸ հ İϴ ΰű۷ Ͻô° ϴ װ ø Ϸ 5ȣ մϴٵ ø 5ȣ  ø ջ3ȣ Ͻʽÿ
96,          ,ȳϼȸ ٷ  ̶ ϰ ȥ øϷ  ϴµ ð ߿ Ⱑ    մϴ,2߼ ص   䤻3  ¢ſ
97,   Ư   DASSA 4415        ,޽  Թεٽ 4415  󰩴ϴٹ εԴϴٴٽ 4415» 뷮 ǰ̶  ̼ ̳ ũġ  ֽϴٴ  ѰŴ 翬 ȯ 帮 ̼ѰŴ  ֽǺи û ֽñ ٶϴ٤DASSA 4415Ư 48000ù4000 34ʤȭƮũ ÷ ɤówwwredpulsemallkr,ɿ䰨մϴٳܴԴϴ
98, ſ  ־ 帳ϴ           ,  ϴٰ  Թ 2Դϴַ    Ϸ ٴմϴ ó ԹҶ   ĵƼ Ŀ 722ul  Դϴ ̰ɷ  µ ̹ ʸ밡 ηϴ  3 1ȸ ü  ̳ ¡   ; Ʈ ε ml ϳ  ֽϴٸ  ʾƼ տ  ʾƿ       ؿ    1ȸ ߽ϴ̹ 2° ʸ  JS ۴ ϴϱ    26000õ ʿϴ󱸿  Ҷ  ´µ     ϴ  1ȸΰ׷ ߰ ε ϰ Դϴ     1ȣũ Ÿ 732ul or 782l  63000õ 2ƺΰþ  ÷ ޹ٷ 792ult or 832lt 84000õ  ̰   󱸿  3 ׳ ĵƼ Ŀ ǰ ʸ ü  26000õ     12  ũ     ش ǰ ̿   Ƿ ø 10 20  ٸ  غ  𸣰ڽϴ   ܿ￡  ۿ 󱸿  ׷  Դϴ 722 ul ó غ   ª  ־ϴ   2̳ ʸ밡 η ణ  ־ l    ֽϴٸ  ϴµ  l  ʿ ְڳ ͱ⵵ ϰ ָ Ÿ    ⵵ մϴ ul ̶ l ̶ ̰   ml  ϱ  l ʿұ ͱ⵵ մϴ,÷ ޹ٷ 79ul  ƿ亯 մϴ  ȣũ Ÿ ޹ٷ 732ul õ帳ϴٴƴ亯 մϴ Ÿ l õ l밡 ul볪 ml ̿  ӻ ָϱ ѵ ݸ ׸ŭ õķ ϱ ϴ  ul뿡 ϰ l  ߴµ  ϰ ֽϴ ϰڽϴ ml밡 ϳ ־ Ʈ  Ⱦ  Ȥ L ޳̳ ¡   ϰҤľð ϽǶ ҵ ̻ ſ  ϴ ƹ  3 õ ֽôٴ  ҵ ̸̻  ҵ   󼭿  䤾ǪϤѿֺҵr2δ ҵr4 ֽϴٶŸ782l ƺθ޹ٷul Ѵ ε Ÿ  ſ ſ ޾Ƽ Ÿ  ķĵ δ 󱸿ϼ 
99, װ         ,Ȥ  װ ö    Ҹ  ,ƽôٽ   غ   ɾᱸ ־   ϴټ 2020 ϼ̴ϵ 2021⿣ ǰ  ϵ鸸 ؾߵǴϵ£ǪϴäѰ־̰ £δ̷  λ縦 ֽðմϴ¼谡  ڼϱ  ׷  ؾߵǴϵش  ʿ ǰϽüҰǰ  ְϴ21⵵±ȸ  ¦ Խô ظ Ҹ ϰ ðմϴؾȵε󰡴ٺ ۵ ִ䱸 ϼȮڰ ϳͼ  ˻̶ϴٰ ֿ    Ǿϴ غ ױ  ׷ Ф
100,ֱ ƴ ð        ,1 عٴ 忡  ϰ ֻ 츮   Ʈ 밨  鸸ϳ2 عٴ    ø  վ    츮 ݰֳõ      ϸ  ϸ   ϳ3 عٴ  빰  Ƶ    ٱݹٸ  ⳻  ذɸ Ƴ Ƿ  ũ  þ4 ֵ ︪   ǳؼո  Ը  鼭  츮 ϳ ķ   ÷ϸ    μ 빰  ϳ,  ٸó׿   Ȥ    θ ϳ׿ Ͻʴϴ  ô  õƴϿ ½ϴ ּ ʴϴļְ ׳ ׿Դϴٿ
101, Ʈ ǵ帳ϴ        ,ó   ð ԵǾ  ø մϴ   ͽϴ ѹ ƺ° ҿԴϴ٤̹̳ ȥ÷ 簥մϴ Ȥ õֽǰ  Ź帮ڽϴ ûҴ Ȯϰ մϴٻغ̹ʼ,   а  ǰ̴ϴ  ̶ ø    Ҽϰ    ִ  ǰ̴ϴ  ð̳ ȭִܵ ó󳬽     ְڳ׿ó󿡼  縮  ö° ýϴ  Ͻô ̳ вġ ö° ̽ø װ  ͵ ̳ϴ٤׷̰ƴϸ  Ҳϴ ¥ մϴ٤Ȥö õֽǰ ִ ɽ ޾ϴ٤
102,õ  ݽñ        ,õ ݽñ  , ñϳ׿丱  ͱ ѵ䤻ֿ  ݾ ٸ ĤѼ ִ  ǫ  10 ε ȳ׿Ȥ ź 䰥ٰҰſ ܿ￡ 忡  Ͻô е  ñ ѵ  δ 𸣰ڳ׿伭ؾ ġ   ̴    غ   ϴ٤
103, Ʈ  帳ϴ        ,ȳϼ鼭  ѹ Ȱ  Դϴٴ ڷγ  ȭǸ  ѹ  䰡 ̳ ٸ ƴϸ  ո   ִ Ʈ      ãƼ  ߷ýϴ Ƹ غ ϰ    ϴ, Ʈ ٸ پѾ ɴϴٿ   ׵ ƿ  ø ǸҼ־  ٴٿ  Ͻð  ð 䵿׻ Ŀؼ忡 6ð  ְ ߴµ  ѹ  Ʈ        Դϴ   ü   Ѿ  ̵ Ǯ ص Ӷؿ䰨ô  Ȳ ־Դϴ 
104, 270  ɱ        ,ϱ⿣ ָϰ ô ص  ,̱ ϰ ȵ  Ҵٸ ̰ ªƼ   ֱ⿣ ϰ̴ϴٹ ޾ƺ 100g ̰ ׿  մϴ౸ 豸 Ұ  ׷ ϰ ʴϴ ó׿     ٸַ ַ ٴմϴ   մϴֿ  ó ﶧ  ִ   ҽϴ      غŵ ˴ϴٳô븦  ٺ ¼ 270밡   â ġǰ ִ° ҽغ  Ȱغ 뵵 ã Դϴ մϴٺһ  乫԰  100g  ϸ   ׿  2ð  ó  ٳԽϴٴ亯 մϴ
105,￡ ҸѰ         ,̹ ϿϿ Ÿ̶ 󶧹 Ͽ   ϸ鼭 ð  ϴµ  Ұ ִ ޾ ϴ ׸    ͵ ִ,״뱳 Ʒ ε ù° ι°ٸƷ  ϱ     𸣰ڳ׿䰨մϴ µ 丸  ѹ  ޾ҾФаմϴ ׳   ߰ڳ׿䳪2뱳  ̳   ҳ𳬽ñ  پ ִ׸ ָ εʿ    ȳ3ð ÿ 4  1 ϴ׵  20  ôµٸ ǳʰ Ʒ  ֽϴ ٿ Ƽ  ־   ֽϴٹ ϳ  ϸ鼭  ٿ  ɸ ʹڼ  մϴ
106,Ȥ   ô븦 ϳ Ű        , øϸ鼭 εʰܿ ø Թؼ  ø ϱ⿡  ƴѰŰ׷ Ȥ Ⱑ ִµƴ̶  ø ٴϴٺ̻ϰ  ̸   ִ αô븸빰 󱸿빰̶غ ٸ 3¥4¥̰  ô밡 ٺ °   ߺδؾϳ䳬ô밡 ׳ ڱȥ ߴ󱸿伱Ե vs   ٰ ó ¥  Ⱑ ϶鱦 ְ ̷Ż򳪽  鱸,̿买Ⱑ 񸦺° ƴݾƿðڰƴ ÿ ΰ԰ԼȲ° ä ּż  ̾ ̵ǳô뿡 Ѱ ƴմϴٱ׳  ٶ  Ǽ⿡Ʋұ ׿䤾  Ե ε2  α1 3 Ȱ ä ϴµ  α Գ̴¾   ̴     ؼ Ⱑ ߹° ƴϿ  Ȳ ° äغϽô°      ڴٴ°  ƴϰ   ô븦 Դϴ ø ַ ϳ亹 Ʈ  󱸿 ߿ϴٴ°  ޾Ҿ ٿ ī ƪ ٰ  ϴ   ϳ ȿ   ε ֵ    ٰ 츮 Ƶ 4¥  6Ʈ ̽ 淮 ǽŸ  1õ ߱    1ȣ ջ   ä ̷  ҽϴ٤ Ȳ ٷ 50cm  տ   µ   70m    5õ  ũ Ż ޾    ִ ̾ϴ ФйⰡ ִ° и  ִ° ϴ٤̤ ٵ    ɱ䤾 Ƶ  
107,ؼ  Ʈ         , ̵   տ  Ϸµ   ʿ ,ٴǿ ̽ŵ ѵ ٸ    Фйٴǿ 3    Ҿ ̹ذɸ ߾ Фз ؾ ұ    þ ű   κ ̽ǲ Ʈ  Ͻô󱸿5060m ġø ̶  ߳ɴϴٿ մϴ   ıⰡ  ߰ŵ  ù̳  ٴǿ  ̿ϼ̳ʺѼ ׺  鷶ٰ ±濡 ϴٻ´ ״׷  ֱ ϴ󱸿ȣ      ܷ ʰڳ׿䤾 ó  13ϳ ҼǾտ ʾƿ ƽθ ΰô° õؿ  Ϳ  ̳ ٴٿҼ ٷο ִµ ȥ ִ
108,ũĳvsĳ        ,״ ũĳ ĳ   Ѹ ٴ  ε带   ϰ    ٲٷ մϴ  ǰ  ȣȣ ְ  Ź 帳ϴ ó 巢 ٺ ڲ ٴ    巢 Ÿ ٲٷ մϴ   Ź帱,ũĳ ĳĳ ǥ  µ  ū ̴  𸣰ڽϴپ ״ ̴ ׿ ũĳ17 5500 ĳ1080µ ߸𸣰ھѰŰƿ ǥ  մϴ ̹ũĳ  ϴ 1060  ϴ մϴ
109,  4000 vs 8000 ̻        ,45000 ô е ְ 8000 ̻ ô е ִ    ؾߵɱ ̰  ū,4000õ մϴپ 4000̸ ϱ04500   ̱8000  Ǵ׸ ˼ѵ ذ ߤФк   Ǵ    ƴѰФѼ     ڶ 8000 ̻ θ Ǥõ ׷ű մϴǤõ    Ǵ׸ Դϴ  븱   ԴϴǤõ  մϴ  ׷  8000̸    ΰФѼﺸ ĳ 1080  8000 ó ˰ ־  ̶ Ǥõ  ֱ䵥  ּż մϴ 
110,        ,ڷγ     дϴ߿   ´  °  峭 ƴ  Ͱ  ִ  ڴ ø  Ȱ  ̶ϴ̽      Ÿ ˷ ϴ帣ѿ  3   Դϴ Ѵ Ѱвġ äѴѵٸ̷Ѵѿ¡ʶ    Ÿ Ұ÷ ʺ̶ нäѤѤѤѤѤѤִ   ̿ 2530 450   ѵ     5ȣ6ȣ ٰ 4ջ2ȣ üذɸ  ս Ⱦջ ٲ ټս 10̸ää  ֺ Ҽִ  ǰ̿뱸Ʃ굵    ä  ߤ2530ȣ ̿    ߰   ؼ ġѴ̼ҿ ġ ǰ ؼ ̳Ѱ 12kg  ؼ ηھ̽ڽη¸Ŭڽ      ǰ   ؼ  ǰð ۰  ŤѼ 볬ڤ1 ļ 1 ٴѼ  Pvc  ߤѱ 뷮 Ѱ  ö ߷  ٴø  ٴ ʰ    46ȣ ٷ ̿ΰŤ Ǽ  尩̿    ſܿ   0̷ 2020  °ڹ̹ġڹ̵ڹڹ̰ٸ 170  ִ 48cm ڹ  4¥ 8   300 ִ 35cm  ī 20  2 ̿췰   ټȹ Ȱ   510ȸ  פ ô δ ϱ⺸ٴ ؼ  ø Ʈ ̿ϴ°  ð  Ʈ  ȳ° ̻ 2020     Ÿ ýϴ,̽ʴϴ  ׿2021        ϴϴٿ̽Կη׿俷׿̻Ծ뤾 21⵵ ȳϽð 쿬 ѹ ˱ ٷϴ ׿Ϳ ̱    ϰڽ
111,õ  ϰ  ̱        , ù̳ ¾    ٴϸ鼭 Ȱ ؼ ϰ ִµ䰡 ٴϴµ ¾  պ 300Űδ Ǵٺϱ⸧  ű⿡ ⺻  ̳ ä Ҹǰ ϳ׿ Ф  ʺ   غ ;      ٺ ٵ   ̰ ƹ͵ ƴϰڵ Ź  ٴϸ鼭  ϰ ̷鵷̸ ð̸ Фѹ ࿡ 50 鸸    󱸿䳬 1⿡ 10   õ ³ð    ٴ  ƴѰϴ , ϸ  µ̾ȵ  ΰ   ￡    ٴϸ 뵵 ȵǰ   г Ͱ  ʴϴ  ð    ߴµ غ ˰ڱع  Ĵ ڰ  ƴ϶  մϴ ٵ ǿ     ġ  쵵 ϴٴ ĥ     ð    ׷ϴ غ ˾ƿ ¥ ø ص ̵   ⺻ ̽     ٴ尡 ó ø  ٱ    ϴ  ð  Դϴ٤ ٴ尡  ͱ µȵ׳ ϹȹĨϴ ⺻ ع䰪 ̸̰Ҷٹع侲 ѹλ Ѿ䤾ƸѺд  ׷  ƿ Ư     
112,ȣ         ,  Դϴ   Ÿ  815ȣ  4ȣ  ε   5ȣ õϴ ٵƹ 15ȣ ̴  ī3ȣ  ϰ   ÿ  ,°ź ϸ Ͻǰſ  6ȣ̻  6ȣᵵ ϸ ־  8ȣ ϴϸ  ΰԹѿ ̿ ȣ Ͻǰ   Ͻǰ̴ϴϤõȱ׷ ׷ 5ȣ  ؾ߰ڳ䤾Թѿ 
113,Ե ػǰ ī Ϸ´  帱Կ        ,ػ  ī  Ϸ ī ä µ1 ī ä  ޼ ִٴµ   ޸ ǳ2  ٿ ޸ Ǵ ǰ亯 Ź帳ϴ,1 ũ ˻    ߺð 1030ȣ Ͻø ǳ׿ä ǰ Ȱֽϴ2  Ϲ ̶  ä Դϴ  ݴޱ ũ  ǵ ũ Ʒ  ϳ äּŵ 䰨մϴټѴ뱸 ô°Ÿ  ٽô°  ѰӰ  ǵ մϴٸȣѰⱤֳ   ޷䤾 Ȥ īä 伭Ѵ뱸Ŀ  ̰  ׿  غ ʾҴµ ī ī ܹٴÿ û ޾ƺ Ȥ  ô ð Ʒ ׳  ī޸ ô ʵɵ մϴٻȣѰⱤְմϴ
114,11  2          ,ȳϼ  ֿ ϰ ִ   4  Դϴٴٸ ƴϰ 2021⵵ ٰ԰ ο   غ   ̶ оּ԰ ܵ ϰ 12  ٶ   Ϸ ϴµ   ؽī2 ǿ  ߽ϴټҰ ؼóε  ó  ̶   ; Ե鲲 庸 ؿȤ ׳   ȹ ź  ϼŵ ɰŰϴ  Բ ڶ ̽ø  ڱ 1 1 8  Ϸ ؿ  ô   Ȥ  ī Ұű  տ  Ұ ƿ         ° õ Ź , ɷ ƴµ4 ְ5  ٶ ׿ Фг  ƿ̤ ̶ ̤ ׳ ط  Ԥ ٰ õ ɷָ ڳ׿ ϼ丹    ° ̴ϴ    ڷγ ֺ   ָ Աٴµ  Ǯȴ 𸣰ڳ׿ٶ ϸ  ȵɼ ϸ հ ٵ κд īϽð ۼڴ ī ع ־ְ  ϴ° Ż ̷  ΰó  ̶  ؿ䤾 Դϴ
115,ٰ    մϴ        ,   Ҷ  ջ   Ÿ  ٰ ؼ8ջ 3ȣ  ϴ  縦  Ϸ 8ȣ    ù濡 õذǵ׸  4ջ 4ȣ      ɱ䳬  ˷ Ҽ Ƴ׿ ڷγ  ñ   е   ϼ, ʿ 30ȣ  Ǯĳص ϴٱ׷  Ǿ ̵  ļ   ķ   ŵ쿡 ¦    ߴµ  Ƚᵵ  Ǵ     մϴ8ջ 3ȣ  ϴٿ ̤̱ Ϸ 縦  Ǯ   ȳ  ϴ ŵ ¥ ɷ ׷Ŷ ٵ  ջ糪 ۸   ҿ  ջ ε  絵  ջ縦   ۴  ջ 3ȣ ̽ᵵ ϴ󱸿 2ȣ  սϴ  غ Ҷ³Ϸ 3ȣ ջ 2ȣ   ϱջ3ȣ4ȣ  ʿ ջ2ȣ   Ƕ  ø ſƴϸ  1ȣ3ȣ  Ƕ  ø Ƶ ؿ Ϸ3ȣ  83ȣ ϴ ѳ ѹ ׿䳬ô ĳù ٸѵ bt30 δ뿡 ġ ʿϱ 4ȣ ʿü    Ƚᵵ  ϳ׿     ޾ּż  մϴ
116,ø غͽϴٵּ        ,20 뱸 Դϴ  ð     ᳬͿ  ø ϰ Ǿµ5ðѰŰ ̶  ̸20Ѱƺηո̵ױ ó ù濡 ̸ϴ ˴ ϴ٤Ф  ƹ͵ 𸣰 ø ߾䳬ÿ     α׷   ׳   ͼ濫 ̸ õִ ߹̳ Ŵ ־乫̸ִ 𸣰ڳ׿ؔfµ ʰ û ɸ ָ ȳ ʾƿιٰ  ġԾ Фо  鿡ִ ػ ٰ ѸⱸԾ ̸ ¥  ϳõ༭ 缭  ð ̹̳δٰµ Ѹθⱸ ִ ٸ  Ծ ߵϰԳ׿Ф1˴ ѳ˴  ñմϴ  ⸦ ̸̤  Ź帳ϴٳʹ ʺ  ϱ⵵Ƴ׿   ϳ 𸣰ФгϷ鼭   뵵Ȱ,ǳ ǳ   ò۾ ߿մϴ  ġ³ մϴ  ñ Դϴټ º ٸ ô  ô  ׸      ׳      ̶ 帱  ְڳ׿    ˴ϴٿ켱 ԹⰡ Ͱ׿䳬ÿ 帣 ־      Ȧġ ġ ͳ  ġø ڼڽ̸´ 帣 Ұ̹ ؾ 帣 õ մϴ ԴϴʺԹ  ݾĿŸ450ѳô̰450cm 4   øƼĳƮ 9 8ջ3ȣ μ̳  ʺϰ ջ纸  Ϸ  2   ̳   ä̸纸Ȯ  ī信 亯  ˻غø δٳֽϴپ 帣  Ͻô ˷ֽø Ե鲲   Ŷ  մϴ  ʺ  ߱  ݴ ô   ÷ִ󱸿 ߱  ô븱  ó Թ  ٰ Ѵܰ ø ż踦 ҽϴ  Ե鲲  Ͻø ̳ ø Ǽ ̴ϴټθ ð ô ٸ Դϴִٰµ  ϴٳô ִµ °  ߿մϴ ó ù濡Ĵ 2¥ Ǵ׼Ʈ ε  °پ˰  ĳ߾ ְ  밡 ddd鼭  󰡴󱸿׷ Ϸ ϰ ĳ ¥ƴٰ ߴµ  ׿䤻
117, ԹϷմϴ        ,ܿö Ʈ ô ϰ  ְ̼ո  ; ʷ翡 ԹϷմϴ  ִ  ε  ƺθ޹ٷ ׿ ָ   νA1003 ű⿡  ڵ ҷ ϴµ 72mm90mm 𸣰ھ    ñմϴ٤ ּ,  ̴°  ڵ   ǽ ʴ  θ    ϴ ڱ  Դϴ ٵڵ õ ϴ ԰  ϴ Ư ν Ե  µ ڵ  ϽŴٰ ص õ    Ÿ ־  Ʈ갡  ÿ ̿    ʾƿ׷ ׳   ǤõԹڿ̱ մϴ ÿ̰ ôٸ ߻ ѹ ô° õ帳ϴٴ̿  Į ̻ ޽ø  ̻     Ʈӿ Ȱȭ Ǿ ֽϴٷε ε ʹ õ̶  õ帮Ⱑ ҵ ǰ̳ ƺβ õǥ ڵ    ̶ ׷̵ϴ°  Ͱ׿Ѿ 󼭤 ڵ ߰Ҥ̷νA ٸ  ̱׷ ڵ  ɱ
118, ջ ȣ õŹ帳ϴ        ,    ִµ ̹  ϳ 鼭 ٵ ϴµ 8ջ ȣ  𸣰ٳ׿  1ȣ  ,  23ȣ   45ȣ ϴʺ󼭿 8ջ 115ȣ Ż  ȳ׿ мʺѼĿĳϴ     帰űʺе ؿ 3ȣ մϴ 15ȣ ẻ  » þ丱ÿ ø 극̵ 30lb   ȳ 30lb 3ȣԴϴٺŸ  Ͻø 1ȣ  3ȣ Ͻñ ׳ Ÿ  Ѱ  Ͻø 3ȣ ϴ°ɷ ˰ սϴϰ ջ 3ȣ ϽɵǼ15ȣ  3ȣ 1 3ȣ 1 ϴٵѴ    Ƽ 3ȣ Űǰ󱸿 ذɷ ٴø ư ä ƿ 찡 ϴջ 1ȣ   ٷ ϰ   Ͻø ջ3ȣ ø ˴ϴʺø 8ջ 3ȣ  մϴ34 ̽ 
119,´   帳ϴ        ,ȳϼ ø   ȉϴ´     ߿   ΰ ȳ ߿   ´    ֽϴٿ û   ´  ð ұڿ ϰֽϴ Ȥ    ߰´  Ѱ  õ Ź帱Կ׸ ´뿡   ԰ Ҽ, ߷ ؿ ¡̴ް ĥִ ´ 𸣰ٰǰ  õ̾ غ; ˾ƺվ褻
120,ص Ʈ        ,δԵ ̳  ó ο췰ȣⳬ ҸѰ Ʈ ˷ּ  ð  ø  Դϴ ,26 ص  ̸ ͼ ö߽ϴ社 ñⰡ    Ծ     վ   ðſ
121,ÿ¾ƺ ä  ٺɹ          ,ȳϼ ũ ÿ¾ƺ  ÷ 꿡 ϴ Դϴٻ  ũ  ô̳ ູ Ϸ翴ϴٿø ַ ϴ    ̾ϴ,
122,ڿ  Թ    ұ        , Թ 󸶾ȵ  ʺ̱ մϴ ݾĿŸ 450  ĳ1080 ԴϴٺѰ Թ ϸ鼭   ô    ô 300 ũ  ɵ    ȿ׿ Ե Ź,е ª ôٰ ᱹ ݾ̳   ̻۰ɷ 4 ̻ ɸ ô󱸿 30380 10601080  õ  ģ 420 450  ѱ ϰ 380 ϰ ĳؿű õ̽ø µ ǽ ־ Թ asޱ Ͻǰſ420 缭  Ű     ϴ 3    Ѿ ʴ ̻ ԰ ű⼭ űԴϴ  ʱ׷ ̼2   ̵ Ⱦ ٶ  ϼ̽ϴ Ʋ ѾԳ׿300 ε տ ְų     ε Դϴٱ׳ ôٰet4415鰥Ÿô°  մϴٸ 6000鰡  ̴ϴٴ亯ֽ е մϴ
123,ܿö          ,ȳϼ øؼ  ִ ʺԴϴٿö ״ãų  ø޴µܿ￡ ̴ ʹ󱸿 ض ãƿ ߰հ پ ɾձ⵵ 帳ϴȭδ볪 ϳ ûŰٸе ܿ  Ͻô ñմϴ,̶  ð  β ìܰô°ѿ ʶѲԾ ߴ󱸿ФƮ θ մϴ  ũⰡ ũʳФ ۾Ƽչ鱸Ѵ뱸 ۾ƿ ļ ķ10  ٴҸ մϴ չ鱸Ѵ뱸δ Ʈ ġ ̿ ٶ մϴٸǪõƮ µ ̳ٳ׿䤾ķο LPG ˻Դϴٱճ ãƺ߰ٳ׿䤾ʳ ޴밡 ϱ Ҷ Ŵ ȭ  ظؼ ߽÷ ʾƿ
124,곬ô õŹ帳ϴ        ,   ִ  εѴ ϴϱ ʹ ɽؼФѴ 常Ϸ ϴµ主״  ô븱 10  εõ ֽø ϰڽϴ,ݾ   ߱httpslinkcoupangcomreCSHARESDPlptagCFM32320226pageKey1613784942itemId2755276139vendorItemId707451986088000õ Ž 9000      ̸   10̸ ҵմϴ ĳ1080 ִµ ¥ ϳ׿ մϴ  ̰ɷ ߰ڳ׿ ظѼ 8   9 ͼ  8 ջ 9 Ϸ Ƽ ϴ ι ٴ    ٴϴٺ ſ ĳ  ̰ ɰµ ѰλѺλ갡ݴ  ؿ   Ҹ  巢  ߵǰ ־ ջ ̷   ䷡ ߾׿ ù ξ ׳ fµ  ε巴׿ ũ  ĳ ̸޳   鱸
125,氩ϴ        , ÿ Թ ʺԴϴٿ   ϼ , ݰϴپݰϴ ȯմϴپݰϴٰ ȯմϴپݰϴ  ݰϴپ ݰϴ
126,ٸ  ¾δϰ  ű⼭  λ ѽ         ,2526  ģ ޸ Ͽ ¾ ø ٿԽϴٰ±濡  ޽ ¾̽  ȥø ϰ  ҷ  ģ  ٸ Ծ η   ƺ ٸ  մϴ٤޽ ¾  õֽƮ ,   ϼ̳׿ ī 帳ϴٿ پϰ ո ̳׿ ϵ帳ϴٰմϴ ģ ϴԲ ˷ֽ پ ŵ ä񸸵༭ ߻ϰ ֽϴپε ûϰڽϴϵ帳ϴ   ϰ ǰ ƺԴϴ  ƺ ͳ׿  Фп ϵ  Ŀ̶ Ȱ׿  վ ؼ  ٴϴµ  ״ڤ Ѵ ȸ ȸԾ  մϴٰ  ֱ ϰڽϴƿ     ̳׿   ī  ޶  븮   ܺϴ  մϴϵ帳ϴ٤  ģ ø ûȾؼ ̤ ηԴϴٵι° ð ׿ǥ  ɱ մϴ
127,¾ Ʈ        ,¾ Ʈʺ θ븮     ˷ּƮ  ˷ּԵ Ź帳ϴ  ʵ ϴƮ ˷ֻ, Ұմϴٿ׿ ġ µ 󱸿մϴٿ굵  ̼  ϴ
128,ȿ   Դϴ        ,    ô ׿⸮ ó õ Դϴٳ ϰ ٶ 1  Ե    ó׿,ġ  ϼ    ְ ٸ Ե鵵 ٵ ũ  ó׿ õ ƽôº ױó ôºе鸸 ִ Ա ܱ ġߴ ׷ ׷ øФ  ַ °̶վ  ׿ٸ Ե鵵  ε ؼ ö ߽ϴ   ױ Դϴ  ȸ̽þٷ ʿ Ƶ Բ ־ϴ ѹ  ް öҶ ȸԵ öϽô̸ ˾Ҵٸ ̾߱  ٵ  ڷγ Ÿα⸦ Ѵٰ ϸ  е λ縦  ʾ  ư Ƴ׿ ƽϴ ׷ ٽ Ƹ ˰ ƿ㿡 λ帮ڽϴȸó  Ҷ  ȸǸ λϵ ؿ䳲   
129,̷ΰ        , ȥû ̳ФФФФФ,ٴΰ书ϰԵ °  ڶ  ø Ѵٴ   ϴپ ߸ԳŰܾ߰ڽϴ٤ʺƩѱֳ  Ʈ ã ٶϴٿ Ⱑ   ָ߹ 빰Ʈ󺸽ùȴѹ溸  Ͻôºе鵵 ֽϴ ׷  Ӷƾϱ⿡ؾοŰϴ٤ ѹ °̾µ  ̴̤հ ʺƩѱ ƾѴٴµ  ŴϾƶ  
130, ¦¦  ϴ°        , ó ø غôµ  ¦¦  ϴ °ֱ ؼ ΰ ƴ ٴ ȣ ߸Ȱϱ Բ ؼ µ ȸغ ִ󱸿䰡 ִ ٴ ѵؼ  12ȣ 2ȣ پϰ غôµ䵵  ʳ׿  ߸Ȱɱ䵵Ǵ    õ ּ ,Գ  ƴϸ  °žƴұ  ʾұ Դ ȴѰŰƿ¦¦  ƴҼֽϴٻ͵̱ų Ҷϼ ־   ̾ϴϴ  ì̶  ʳ  ܹٸ е  ̿买  ȾҾ 20ȣ ߱Ѻõ30ȣ ٱ غ ״  ִ°Ÿ ٴڿ   ִ ٴ 귯 ׷ ƿε  ־µ 帣 ȾҾ亹  ׷
131,12 Ȧ  õ          ,  ӹϿ    25  3     õ ϴ ģ ȸԵ    ó ȥÿ  纾ϴ,  ãø Ұ̹ ٴٰ ̽ôº ø  ̳ó̾ߤѱݻٴٰ ֳ ̻ؼ  ðԴϴ٤Ѽõ  ̱׷ ո ̳׿ ϵ帳ϴ ϼ̾Ʋ 600Űδ ޷ȴµ  ǹ̾ Ѹ ̳ó̾ߤѱݻ 600Űο Դϴ٤Ȼѿ Ұ縮 Ѹ Űǰ׷ ¥  ε䳪ó̾ߤѱݻҰ縮 ſ䤻ѿ
132, vs         , ð ϰ ; ¥¥  ߽ϴ   ҿε  Ʈ    ɱ, ޾Ƴ Ϳ 亯 մϴ  Ȥ  õֽǸ Ʈ 䵿عٴټȣڤѿν ̴ºκ̿ǳĤѼ մϴ ް ʰ غ߰پ ǳĤѼű Ƴ ȳñ 𼭻ٵѾֱó ü ٰմϴٵعٴټȣڤѿΰմϴٹٵѾֻ¸Ʈ 15000ñϼżǰ  ̳ ƴ¾ȸΰô°ϴǳĤѼ Ʈ õ ּſ  ݱ  ׿ФйٵѾ־ñ淡
133, ĵ   JWǽ 1203 Vs ƽ ġ        ,ر ø ٴϰֽϴ÷   ĵϴٰ ʹ ߳Ѿ ׳ɽµ׷    ĵ  Ⱦֳ׿    ĵ带  ϷϴµJWǽ 1803ƺ̴µ ˻غ ũ    Ե  ׷ 1203  ʹ ۾ƺ̳׿   ãٺϱ ƽ ġ尡 ִµ ũⰡ 1803 1203߰ Ǿ̳׿1203   ũⰡ  𸣰ڳ׿䰡 °ġ ͳݸ  1203ƺ̳׿ٵ   ũ⺸ ġ嵵 ƺ̳׿   ٴϰ  ĳ 䰡   ũ   Ѵٸ  Ƴ׿    , ̿ο õ帳ϴ  ԰ Ÿ  ׿ǰ߰մϴٺġǰ մϴ ׳   ƿ   ٰ Դµ ġ  Ȱ  ̰ ìϱ ̶ ̴󱸿  ġ带 Ծ ϳ  ־ϳ  ̿ǰ߰մϴJW1202  ˻غġ ϰ ׿䰡 59000Դϴǰ߰մϴٺġ ƿ䰨մϴ
134, ó  ΰұ        ,  ȫŽö  εͼ Ϸ ް Դµ,   ȳõ ѵ  ذ  ø  ڸ ֽϴ ű⼭ ϰ Ͻ ʰԱ ҰŰƼ䳷 ⳬ»  ߳߰ Ͻô° õմϴ   ߰  մϴٹ Դµ ʿ̶ ٶ մϴ 뱳  ô° մϴٹ൵ 
135,         , ʿ ϴµ Ȥ   ϳ,  մٰ ϴ° 󱸿ٵ  ȣҹ 鼭 湮   ޶ ϴµ    ϴ٤ ư ȿ ȳϼ丷 հ    մٰ ϴϱ ˻  ž Ұ ϴٳ ϴ2 ׿ϴٰ Գ׿䤾ô Ҽֳ伺ѽ    ٿԾٵ ٶ̼ 2  ö߾׿αפѻôϴ
136,ᳪ Ÿ Խϴ        ,̵鿡 ƺ Ÿ òۿԴ ᳪ Ÿ ־߰ ѹ غڽϴ٤׵  ȸԵ鲲 ĵ ֽðǰ ּż     մϴ  ϴ  Ǿ  ޾ұ⿡ Ǿ 帳ϴ  Ⱓ 11ñ Դϴ 11  ÷ϰ ٷ մϴ ַ   ּ ̱ ŻФ ex ÷ι  ÷ ϷĿ ϰڽϴ Ÿ ȸ  帮ڽϴ,ԴϴԴϴ̺Ʈ 帮 ٴ  մϴ  Դϴ ַ³  յϴٿι   մϴ ޸ũٴٿ  ޸ũ
137,  ͳ׿        ,޶     Ŀ  ȥ û ϰ   ϰ  غ   Ȳ  ϰ  ̳׿   ֿ  Բ     п䤻,ù°  ġ ׿̿ Դϴٰմϴ   ;µ ҽϴ    ŷȳ׿  ڽ ٴ 16ȣ   ޷ ־ ̹  ۰Դϴ    ä ߰ھ   Դϴ
138, ʺ  κε ô õ Ź        ,   𸣰  ó غ ϴµ ô 泲  Ʈ õ Ź帳ϴٱ ó  ũ   ǰ ƽø õ Ź,켱   ϼžҰͰƿ    ׸  ݾֽø õϱⰡ Ͱϴ2 30 ϰ ־    ؾ ̳׿ФФ   䞠̤ѱϴ ãƺϱ    Ƽ  õ Ź帱 ̤ѱط  ߸  帱Կ  Թô ĿŸ1 450 ĸƾ 75õ ̰Ͻø6ǰڳ׿ٵ 40ϼż  ô뿡 ĳ 1080ø̻  ǰ̴ϴ   40 2ƮԴϴٷκѹմϴ̤ٞѱط  ִ°ɷ ƴµ κ   Ͻô°Ͱƿκѹ ׷   ֱФ ׷  ұκѹѴ  ջäϸ  20  ³   Ͻð ٽ õش޶Ͻô°Կϳֽø ϰڽϴ    Ƽ  õ Ź帳ϴ
139,ù  ù  Ф        ,ȸе   ó ؼ20и վ Ҿ  Ŀ չٴں  Ŀ Ѹ Ҵµ   ؼ 㿡 ҸӴϲ  ŹϷµ ǿ ڰŵ  ľ   Ȼϳõؾұ ؾұ,  ȸθ  ƴϿ Ͻ̳Ͻð̳̽־մô° ϽŴٸ ״ õϼż ſ ǳ ݰϽ 
140,12 26   ôº Ű        ,ũ ؼ ϰ ִ  ϴ Ф     Ȥó  Ϸ ôº Ű䳻ϵ  ߴٰ  Ҹǰ ü ϰ   Ŵ ð   Ĵʰ  ҰŰȤ ô  ø ó  Ͻø  ؼ ۳ܺϴ, ڷγ  Ͽ  ˾ƺ 27  28 ׳ ٶδٴ    ٳðմϴ غ ãƼ  ǻ   ȿ ذ Դϴ  䳪Ѵåõµ  ̳¥ Ϸ ȳ ٶ ؼѸ ְ ڸ ƿҰ ϴټڽü 尡°͵ Ҿϳ׿ ߴµ Ȯ   ΰϳ Դϴپ׿ ̸µѵ Фͳݿ ˻Ѱǵ   ̿ Ф    ֿ ϴ° ϸ ذ  ѵ Фгִ̤  ٰ ϳ׿  Ķ ̽ö ϳ׿ѶѻѾƻ մϴȮغ ۹游 Ѱ ƿ买Ѽ ߴϳ׿ ðԵȴµ Ǿ ¼ѹ 󱼺߰ٳ׿
141,        ,1        , 빰ϼ䤺
142,ȳϼ ر  Ʈ        ,ε  ߵ ھ Ф ,ϴµ  ΰϰֳ׿Ѥ̱׷ϱ ¥ Ʈ ã°  Ф سͼ 븸20ҳ׿  ɾ
143,        ,1     ,
144,        ,,׸ ׿ ո ġ ʹ ϴٱ׳ ٶ󸸺 ־ ھ俩 𿡿سԴϴ   õ;׿ Ͻð ո κð Ʈ󿡼 äȸϴµ   ȸϴٰ Ʈ ɷ ä  ̶ Ź Ʈ ° ϰŵ Ʈ󿡼 Ҷ ä Ʈκб   ִѻ Ƽ ƨܿøϴ  ƨ  ֺ ־ ׻ Ȯϱ ϰֳ׿ 
145,̹  ø Ϸΰϴ        ,̳  پϴ󱸿̳  ߵȴ ̹  ܿ а ߾ҲƼ ̶  ìܰ  Ե  ̳  ұ ϸǥȰ ݸ غؼ մϴٹٶ  ϱ⿡ ϰ ФѤ,ƴ ̽Ű䤻 ½ϴ ƴ ⼭Ѻλ׶ ¾ƿ䤻ϳǳûϺβ׿ѺλƩ  µű⤻  ϴٰ  ϰ ̶  ̾ϳǳûֿ򼭵緺 ݰ̱ؿ Ф ѽ 콺 ո  üո Ѻλ׷ոҤ ư Թݰ׿䤧űϳ׿ Ե ϼ̱ ð񿡰 ø ϴٺ մϴ Ͻô°͸ôµ  õϼŵεɰŰϴ٤
146, ô           , ٴٿ  ø   ־ ô  3530 ̰ŵ ׷ ڴʰ   ڿ ª    û ָ  ̴ϴ   ô   ˷ּ ̾ϴ  ũ ߵ  ,űľƴұ䳬ô밡װ þ ˻غ 밡 ƴұ ׿ջλϼż ׷ 𸨴ϴ ջ翡 Фоô ô Ư ˰ ĳ ̶   մϴٳ  4 缭 ٷ ϸ ȵɶ󳪿  ŷ  ʿұʤõ ĳ  Ƽž Ÿ Ϳ Ϲ óϸ  ô뺸 ȳͿ뷡̤Ѹ ϸ ʤõϴ 530 ü Ʈϱ ǰſ ϴ 븦 450 ߽ ĳ غô°  ƿ뷡̤Ѹ   غ߰ڳ׿ 亯 մϴ  ũ  
147, ä 帳ϴ        ,ʺԴϴ Фп ߿ û缭 ϴµ  ó鸸 ɷ ФФִ°  ٴûϸ ֳ  ٲƹ׿ ФФȤ ä񸦽ũä Lää ٲ  پ    ʹ Ⱦ Ф ū𵵾ƴϵ ֱâ ö ФФ,ߴ Դϴä񺸴ٴ ϴ  Ÿ ̳      ģٰ մϴٹ Ÿ  30ȣ Ѵ ߸ ̿ؾ ϴٺ ߴ մϴٸ   Ʈ  Ű ô°   ׸  Ŵٴ°  㳬 ַ Ͻô°    غ ǳ갳   Կ   Ѱ Ҥǳ갳  óƮ پϰ  غ°͵  ΰ ϴ٤̤̽ѾȾ ̴̽ñ  ݰϴ ǳ갳ѱݰ뤾  ǳ ̹   ó׿Фй̤̽ѾȾ簡 µ  Фо ø ٴ ũ ̳ ũ Ͻø ˴ϴ  ä   µ  ӵ  Ÿ   ϰ  ƿ  ٿ ڸ  ϼžؿ  8ջ2ȣ 3ȣ ϴ 귣 Ƚſ Ÿ ø ͺ     Ƚ ϴٹ㳬ø  ϴ  Ѱϴ 㿡    öϱ õø餾  ƽǰ̴ϴ Ф
148, õ Ź帳ϴ        ,ϵ س  ߿ ѱ ģ ԉϴ 23 ̱  ϱ ߽ϴ Ϸ  Ϸ ̿뿹Դϴ õԲ  Ʈִٸ  ֽø ʹ ҰŰϴ,ϵ ǥ 帲ϴ簨մϴٿ  ǳ  ׿  رݰó Ʒ ¾̿ ϴִѹ 289 ΰϴ٤ܵ  ϰƴϴڷγ Ͻð ߳ٿ 
149,ڰݸ 4°        ,̰ ڰݸ4°İ׿,  ̰ܳ ۿ ø üմϴ ̱ȸ   ֹðô žҹ ѾҸ԰ ڰ ϰ Ŀ丹 ðڳ׿ Ƽø  ð̴ϴȭðմϴ2ֵ  °  ƴҲ ϴðڳ׿׷  ̰ܳñ մϴڰݸ  ðø빰Ͻǰ̴ϴȭ ϽñװմϴƾҴٱ ԾƴϿ   ־䷯þǽ̶  ִµ ̰Ŷ غ õմϴ
150,ȳϼ        ,ȳϼ ϰ  Դϴٿø ַ ϰ ֽϴٿ  Ե   ϱ ؼϰ Ǿϴ  Ź帳ϴ̷ λϸ Ǵ ǰ,ȯմϴپݰϴٹݰϴ ȯմϴٳ ݰϴٹݰϴٹ氩ϴپȳϼ  ݰϴ
151, õ뿵 Ʈ        ,翡  κ 淡 ϴµ䳲 ðѰһõ 뿵 ؾȰ ķ Ҹ Ʈ õ Ź帳ϴٸ ȳ ϼſ,뿵 ôؾȵ  ̵ Ͻô
152,ؼ ɰ        ,  µɰ ñ ,ɰԴ ָ ó׿   ָ 󱸿  Ʈ̳׿ųⰡµ Ͻôºе µƮ ƴϿ  ׳ ѹ غ Ѱſµ Ф ĵ   Ƽ  ݴٿԾ̤ϻ طƮ󱸿䤻9  㿡  300 ġŰ طϽô
153,  ȲӴ        , Ŀ  ð̳  α   ո  Ը  , ׿ϵ帳ϴ٤Ϳ Ȳ̳׿伱 ιŸ ÷°ǰ  ¹Ÿ ϴٿü ְϿ η ÿ ޾ּ  ܿ ۿ ̾ä¸ַ ϼ̳
154, Ѵٸ        , ̿ ʸƮ t  ø    ﰢ jw1203 ̿ ׿r86ml  ø ޲ٹ̴ ƺ갡þƸ  ƺ갡þ ÷ Ʈ 3 µ ̻  ׸ҷϴµ  ؾߵǳϸ ɷ ؾߵǳ  Դϴ  ٰ   ̤,̻  ǹѵմϴٳ ɿ ٵ ׳ µ ʾƼ ķֶ ̤ ī亸ٺ ̻ܼ̤ մϴ̻߾ƺѼ  Իմϴ ̻Ȱ ڱ 缭  ־  ġϴ° ˻¸𸣰  ߺð ʿ  ξ Ȯغô°͵ ſ ξƴұ   ø Ȩǿ Űȸ ϴ ׸  ðͰٴ¤£ǪϴäѰ     뤾 ǿ ʶ ϱ մϴ δ  p Űorũmgs  Կ ũ Űٰ  Ǯ  ջµ ̤ ȸ̶󼭿 ̤   Ű ߰  Ҵµ̤  ̤  մϴ̤ ̳ ǰ̳ ̳   ̤̻߾ƺѼδ Ű ٴ ũmgs 佺Ǯ ⺻2   ༭ ְ ̹   Ƴ¡ ϰ糪Ѵ ʺ ̤  ߸  ̶  ߰ Ȱ ε  ؾߵǳ ̴νߵǳ̤̻߾ƺѼƱ׳ ȹٲټŵ ˴ϴ  ε ̿ 䤾 ׿R 86ml Ĵµ ֳĴµ  Ʒ糪 µ
155,  غ        , ä غԴϴĳ̰   Ǿ  ù谡 Գ׿  4   Ҵµä ս ׻ Ƽ ̹    ջٱ      е  ڷγ19 ٵ  ŵ ð ׻ ǰϽðູϼ ̿,ڽó׿  빰ϼ䤾ϴٴ빰  ſͿ  Ѿ    Ͻðھ䰨մϴѾ  ־  ؼ   Ǽ ˸ 缼 ۽ð  ׷ ΰ  ݴϴ  ؼ ٷ信ΰ̤ѱ 5õġ Ⱓ 븮  ŭ ִµ Ÿ׿ٿ ѹ  غڽϴ
156,ٶ Ҹ  ΰ        ,÷ ٶ Ǹ  ΰ ٶ Ҿ ϰʹٸ   ߰ ľ ̶ ϳ ٶҶ Ȥ ̺ 밡 ľ  Ͽ찡 ֳ,޹ٶ̸  չٶ̳ ٶ 67Ѿ ġ մϴٻ  Ʈ  ɸ  ׳ ϱ ؿ Įٶ  ° ģ￡ ñؼ Ȥ    ٶ Ҷ  ľұ      𸣰ڴµ ̶ ٶ ʸ  ޶󼭿ϴ ٶ̳  ΰ  ̱⵵ ϰ ٶ  ʸ ̴ ⵵ ٸ    򰥸󱸿䰨ؿִǳ 10 غ  ֽϴٱ׸ ǳ5 ʰ   ϶  ϴ
157,   Ʈ Դϴ        ,̹ ƴ  25 ݿϹ 11   ϰҴ    մϴƯ   IC  ٴ     Դϴٹȣͳ  ٳԽϴ    IC      ,6 øմϴ۹ ϰ ɾϰ ȭ    ֽϴ   ū   ȳϴū   Ա̰    ϴº ϴ  Ʈ ־ 忡 Ʈ Ÿ  ٴϴٴ亯  帳ϴٸ ٳԴµ 1234 Դϴ
158,ٶ ϳФ        , Դϴ٤Фֹ ׿ Ұǵ ðɱؾϳ,  ٶ ϱ  ׿Ф ƴϸ ٶ߿ ϳ  Բؾϳϴ٤ ٶ Ұ Ϸ  ô ϴ  õɾڽϴٱǱöѿִ빰 ȳ ϼ  ִٴ°  η 1Դϴ Ĵõٶٻϰ ߰ڽϴ٤Ǳöѿ ׻  ִٶ  ƮǮ   ϰ ٰ Ʈ ް ؿ ФФ۳⿡ ĥ       ̸Фи ٳڽϴ٤Ѱܿ   10 ¹ٶ ð ֽϴĳߴ  ǵƿ ̺θ޶
159,ù ұ ε          , 㿡 ؼ ؼ  غ ʵ鹰  غ ϴµ մϴ ֿ մϴ ٵ   𸣰ڳ׿ й   εִ° ãִٺ  2ð  1ð 45 ߿  ƴϸ  , óĿ Ϸµְ ͼ   ̿   ̱⵵ ϰ  ذ   µ ٰ ؼ ѱ  밡  ʺŻѱְ ε Ȯߴµ ϰ     Ʈ ô̶ ʺŻѱֽ մϴ ѱ ߵ ݵ߳׿ Ʈ   ;  ° ó׿ 
160,ѿ        ,11   ؼ  15  1ܸ Դ  ̴̤ Ծ  2   ڴ   ð   ߰ͳĺ   ٶ ǳ ֱ δϱ  ̼,ְµ  ϳ׿䤾պη׿5  õ ϼ̱ ޾  üϼ  1 ٴڳ   տ̽ѿФ
161, Ʈ ǿ        ,ϸ    ƴϸ ó ̶ֵ      Ź帳ϴ մϴ ,ϸ   ̿ ϼ Ҳϸ  24ñ  Ǻôµڷζ ٲ 𸣰ڳ׿ٷ  źϼ    ֽϴٹ ȭǵ ʱ ׸ ʾƿ䰡  ׻ ׸ϴٳװմϴµ  ϴ ̳   ð 񽺹Ѱ ż   ִ ۰ż ̳ žϱ  㿡 ׷ 𸣰 ó ȭ  ʾƼ ϽǰŰϴٿް  ÷  غôµ  3    ̼Ʋ ϴ Ծϼ  մϴ
162,ð        ,ȳϼ ٸ  ƴ϶   ؼ ٷ ִµ    Ҷ ִڽ  ڽ ׿ Ѱ͵ ٸٸ տ  ø ٴϰֽϴٿ 7000븦   530cm  Բ ڰ ϳ  ްٴϰ ʹũ ε嵵 ַַ ٴϰ־߰    ַַȤ ϰ ѹ ؼ ް  Ҹ   ĥ    ؼ ߽ŵ亣Ʈ̶ ָӴϿ , Ͻð   Ͻ÷ ѷ   ޿  ǰ ְ   Ǵ    ˻Ͻø ǰ  ־̽͸ ε ϴµϴٿܺο ٵ嵵 ġ ϱ 135cm 155cm ΰ ɴϴپȳϼ Ȥ  ε   ¥̽Űǰ    ó  ٴϰ   ˷ֽǼ Ǳ ׸  ĵ  ̽Ű  Ͽ Ĵ öv1ε 󺸴 Ȥ  ǰΰ ; 帳ϴٺŤõ 155cm ԴϴټöV1 ±伺ƺõȮδ亯 մϴ п ε ϴµ   Ǿϴ  մϴϹ  躼Ѱ  ô4bt30 2 Ǽ 30ȣѺǰŬڽﰢ     ٴմϴ
163,  ǵ        ,׻  ַ ø ٳµ̹ ܿ￡ ø  մϴٱ׷   常ؾϴµ ϴ°   õ  Ź帱Կ,Ͻô ݴ븻ֽø Ƹ Ե ߾˷ֽǰſ20 ϰ ־ε ޷εBø   帳ϴٿð ÷̶ θ ؾҰ ƿϷϻѺд翭 帳ϴٳޤѼ ̽ó׿   Ź帱ԿϷϻѺдư  ߺŹ帳ϴٳޤѼ޷ε   غſ䰢   10 20뿡  ε尡  Ǿ ֽϴٰ  ø Ͻø ɵ ׷  غ߰ھ
164, ʺ ּ Ф        ,  غ ؿ ϳ  𸣱ٴٿ Ұǵ غ ƹ  ױ  ׷  ҰŰƿ ð  ̳ ô  ϴ ˷ֽø ؿ Фʺ غ ٸ غ ڽϴϱ׸ Թ   ô õ Ź帱Կ,ƿƽ ȵ     ⿩ūϳ߳׿ƿ ƽ ٴ װ ʺ  ô õ 5 Ʒ ʺ  ô õ Ź Ф  ݿ翡Ŷ  ;ؼο ظϸƴϸ ôĴ° °  ФФ ϴ ƿƽ ̤Ѽ︵ũ ôε Ͻǰ Ͻǰ ̱ѰƼ񺸴ٰ  ƽ Ф    üȷ ñ  信  Ű ̹ Թ  Ű̴ϴ٤մϴٰ  ô ¥ ִ ǰ׿ 
165,ä 帳ϴ        ,ȳϼ  翡   ڰ̶ θô  ð Դϴٴٸ ƴ϶ ڰ   Ͻô ݵ     ֳȤö ڰ翡 ø Ѵٸ ó    ִ  õֽø ϰڽϴ  ģ4̼ ķγ ϰ ֽϴϴ ẻ ä ޶  20ȣ ٴϹؿ ڸ   2 û  ̶ ٸä ẻ̾  ȸ ä  ѹ Ẽմϴ   ô밡ĿŸ1 45m¥ ֽϴ ߹ Ѱ谡 25ȣ ˰ִµ ͵ ׳ 20ȣ¥ ִ° 缭  ɱ ߶ ̶ ִ  ٸ ñմϴ ع䵵 غذߵɱ ẻ ѵַ ϴºе ع°Ŵ ôµ Ͻôºе ع°  Ǿ°Ű׿ Фг 1  ̸  ϴ 26 ̿ϴ   оּż մϴٴٵ ̰   Ͻñ,߳ ä ִ  ̳ ʽϴ  ߴ  20 25 30  ø ˴ϴ    عϽ÷  ī Ͻø ˴ϴٿ ָ  ŵ ع ƹָ ôص ̽ʹ͸ ع ǹ Ҥݾ   38ôµ  ٴڿ ٴϱ淡 ẽٵ   ù濡 ä 25 30 ϴ 20  ſɼ  ָư Ͻø ع ᵵ ǰ ä ϰҿ ؼ  Ѵٴ  ϴ õ Ÿϴ ϴ°Ҵ빰ϼ
166,  8 ̶  Ʈ ǵ帳ϴ        ,ȳϼ  ̾Դϴپ Ⱥе  ε ̶  ߴµ  ƽϴ٤Фõֽ Ʈ 鵵 ̹ ɵ ¿ ڸ ãư ø   8  ټ Ұ Խϴ٤ Ƿ        ãƼ ø ߴ й ΰ ȥ ߽ϴٽ Ƿµ õϰȤ  ø ̶    䰭 Ϸ ٴϱ⵵ ߾µ ̶  Ÿ   ̶󼭿ܿ￡ ؿ   ٴ°  ׷ Ȥó ؼ ȸе鲲 庾ϴ,  ͱ  ̵ ̿  ּ  ñ      ̿   ߸ ϴ  ƴϽö   ּϼ ֽϴ  Դϴڷγ ° ߿ΰ   ְ䳬ø    Ȱ ִ   ־    ڸ Ƶ Ȱ丶ũ Ⱦô е 輭ּż մϴ  ߸  ڿε ûŸ ޾ ֵ ظ ׿Фгʹ ߴ ƴѰ ͽϴ 2 ˴ٿ ع Ȯ ƹ 2ָ    Ƽ Ǵµʺ    ӵǴ Դϴٸվ ø  ̿ մϴ   ˻غԿ̾ΤѼ °  õ ǽü ġ    վ ƿ仧ȭ   ƽó׿䤾亯 մϴٳ̾ΤѼȸ簡 ׿̶ ȭȸ簡 ֺ ̱䤾׷  ƴ϶  𸦰ſ䤾ֽŵ ˻Դϴ٤1߸2ε ó ٴٳ3ȭ ݴ޼õ̿ մϴ  ְ ȴٰƴ°͵  ༮ ڿ  ʹٰ մϴ٤
167, ΰ        ,̹ ָ    ϴµ ݵȴٴ  ִ ΰ,ϰԴµ Ե鵵 ð  ƴѵϳ׿ ٵ ü ҽϴٳ׳װմϴ
168,ر         , ð ض µ õ  غؼ ǵ帳ϴ Ȥ Ҹ Ʈ ù ƽôº   Ź̵̤̤ϸ  ȩ ɰ ׿,
169,ū    մϴ Ѹ鸸 Ź帱Կ        ,ȳϼ 85  Ƶ ƺ Դϴṵ̄  ٶ      ϼ ô븦  ʹٰ ϴµ  ÿ ̶ ͳ ˻δ  Ⱑ   ε帱äٴùｺĵ  ʹ  ϴٳô Ƶ鲨  3  ε  ͵ ´ Ѹ ֽǼ  ׸   ϰ  ִ  ϳ õֽø ϰڽϴ1 ε  Penn ĳƮN 27450 32    60003   ̿ Ʈ 5ȣ4 ä  ä5   30ȣ6 ٴ   14ȣ 16ȣ6 7 ĵ  ̿ͼĵ750̰  ùø  ո  ϴ Ҹ ִµ ؼ ٽ Ȱٰ ұ ϴ,ư ϱ⿣   ̵  ô밡   ƴϸ  ؾ ϳ8̰ 450¥ ô븦  ֵθ  ߴް վ Ͱ ̰  غؾ߰ڳ׿450̸ ̵ ĳ ٵ ʹ ª ε带 ãô°  ͽϴ  Ƴ 270 ſϴô̲ ׳ ̷ ּ 8̸  ù濡Ĵ ¥ Ʈ 뿡  ޾Ƽ  ϴ´ װͺԾϴ  2õ3õ  Թ  96ε ̵鿡   ä ְ ̵̶  ݴϴ  ι 볪 볪 ä    ϳ׿ ʷâ ˻غ Ѿֵ ϴ ̵  ä  ƿ ϴ  Թ  ƿ ٵ   ϱ Ƶ絥 ̿ ũν̾ ϰ Ǽ ̰͵ ƿ ̵ ٸȸԵ ϽŰó Ѱ ص ƿ ģ ù濡  ¥ε ϴ 
170,   ذɸ ߻ϴ 찡 ֳ        , ذɸ  ٰ  ͼ   ذɸ  ¼ ̸ Ǵ° 𸣰ڳ׿买Ⱑ ٴ    °ǰ,  ɸ ɲ䵹 °쵵 ֱ  뱼뱼 ٰ    ׷ Ǳ⵵ 亸 ó Ⱑ Ƽ ̷    Ⱦ߰ڳ׿  23 Ⱦŵ伭ʺѼ Ͻø õõ ϼŵ˴ϴٸ߿  ƴ İ  մϴ Фй忡 غ ڱ   ұ  ѹ ɸ  ̵ ϼžߵǿ Ƴ Դϴټ° ϴ Ư ̸  ϰ ѵ¿ϴ°Ծƴմϴ ũϽἭ ٴοøؾߵǿǶ ִ ε  øð ʹ ǳ  ȱ׷ ٰ ͵ ɷ 󱸿
171,ȳϼ  ʺ  ߾         , ø ϴµ̷ ī䰡 ִ 䤾 ˰ԵǼ  ̿      ּ  ˴  ɷ ϰ ; ξߴµ ˴ Ȥ õֽǰ Ǳ,Ѵ Ͻð ˻ ݸ غø ݹ ´  ãŻ ѾұѼϴ  Ͻð ÷  Ͻð  Ͻô°  ±ԴϴƤѺλóؿ ٴٿ ϴ°ſؿ ٴٿϴ° 450  ͳ 9  ϰ  Ÿ ϸ 20Ѱ ٳ׿Ϥ  ؿ䤾
172,īô õŹ        ,Ϲ ä õϰī޾Ƽ õϰ޽ bp7 500ε ΰѰε õŹ帳ϴ,ī  Ƚᵵ īմϴ
173,巣 ߿           ,㿡   Դϴ   ϵε ѹ ּĿ ǽǼ xhp70Ÿźڸ hl110cƮ zs5巻 mh10ũ  ÷ ǻ巹  ̶ϰؿ ΰ   ְ    Ų  ôµ ̰  ̺׵ƴϰ н, ø ũ    Ǽ Դϴ Ÿź ߾ ־xhp70 ط ߴǵ ÿδ ϴ   ϸ  Դϴ ߿  ִٴ ıⰡ ִ   𸣰ڴ󱸿 ÿ AA  ׿18650 Ǹ ̾AA    ؼ ƿ ƿ  ĸƮ ϴ޴ 5̶ ٴϸ鼭  ϴ󱸿 ̰ ϴ û ߰´̿ ڽȰ led Ȱ  δ  غ  ϴ  ư 5ܰ ִϱⰡ ϴ
174,ƹ ż Ȳ        ,ƹ żη  ԾԵ Ѻе Ⱥ ߸ °ɱйٶ ȺҰ  ѵ  30  ƾ, ̶ ߸ ſ ̶  ׷ η׿غ ٸ  ߹ٶ Ⱥδ± Ź մϴٹ ϼſ ڱ ڷγ ϼ𼭸̺ôεϿø Ե  ϴ ⵵ ű⼭  Ȧ Ȳ 15 ÷Ⱦ׿ Ф  
175,ְ  Ʈ  ұ        ,ȳϼ ￡ ٴϴ ̱ǰԴϴ  δ̳ ø ֳ׿ ̤̱׵  ٴϴ ̳  ؼ ۽Ếϴپ ٵ  ҰŶ   Ếϴ ϴ Ʈ Ÿ ذɸ ּȭ    Ếϴٺ 2 5 ٸ Ÿ ٴմϴȲ   ׺   ҽϴٵ  ġ  ڹ̰ ɴϴ5   ٴ俩ո ĥ ׸ﶧġ ӿ    δ   ɴϴ ĥŭ ɴϴַ   ġ  Ҽõ    ϴپ Ǹ Űʴ ƮԴϴٹ̳ ¡ ġ ϴٰ Ÿ ϴٵ  ū ְ Ʈµ Ա Ƴ ôµ ⿣  Ǯմϴټ  õ  ϴ̹ ūԴϴ Ʈ Ŀ  ߸簡߰ϱ ̳  ׸ 鹰 Ʈ ؿܿ ϴ ̸̤ ٺ ٵ ô Ʈڳ׿ Ʈ ŸǴ   ַ ýϴ,   մϴٺ õ ٸ ޽İ   õ ٸܿ ޽ ù ó ƴ  ù̳׿׷  ̷ ø ٳ༭ ƸӸ 2ʼ  ýϴ   2ʼ  ƸӸ ϴ κ    ϴ  ްԼ ó   ö   δ ű⺸ٴ      ýϴ  վ   ٴϰ ó ض ٵ ƴ ʳ ̷ۿ ׿   Ʈ Ÿ      11 µ 걺 ൵ 뱳 Ʒ 뷡 簡 ̵ öͿ俩  ް µ    ؼ  3  ø  ø  ¾  ǳ    ̷ ׿ƺ   帳ϴ ̻ 20 08   ̿ϴ
176,  帳ϴ        ,̹ ø ԹϷ մϴ ε NSȦ 2 35450 1080 Ϸϴµ 3040ȣ Ϸ մϴٿ 8ջ ȣ ϰ   ұ ߴµ   ξ Ƴ׿ Ф  Ф Ե  Ź帳ϴ,3ȣø  ʿ 2ȣ 4ȣ 15ȣ 4ȣ ̷ 羲 ־
177,λ ó  帳ϴ        ,   1 Ѵ° ϴ ָ ģ ַ   27M¥ ô뿡  ޾Ƽ ߴٰ  ĿŸ1 Ŀ  ޾Ƽ ʿ ϱ  ִؼ غ Դϴټó Ȥ Ҹ   ϴ° ÷ ˰ֱմϴٸ õֽô   ִ ƴϸ ä ٸ ù ó ̳ ° ̷ ͵ ֽø ϰڽϴ ,ȸؼ ͺġʿ Ͻô° ζ Ͻðζ׿ Ͻô°  غ ϴٸ ̶󱤾ȸ ñ ִٰ ѰͰƼ  غ   Ȯغ߰ٳ׿䤾 մϴģ༮ ȸ ؼ       غôµʹ ȵǴ  Ʈ ̵ϴ 췰47cm ܷ  Ҿ  ݾ  ϳ ϴƮ Ű佺Ѻλ  ִ Ʈ  ֵġ̰ٵġ   ٴõ ִ° Ѵϴ  ô ĳ ط ɽġʰ ϱڸ̤Ѻλ   ׳  ո ٺ Ȥ  ø ֽǼ Ǳ佺Ѻλô° 𼼿ڸ̤Ѻλ̵Դϴ ٸʿѺλ ű дϴ ٵ   ݾ̽ø ġðڳ׿ ׷ ٴ ϴ      ̴ϴ  â̸ ġ ޱ ̳  ٸ     Ǽſ ع ôϸ  ڸ̤Ѻλع ẻ  Ǵ°ǰ
178,  Թ  õ Ź帳ϴ        ,ַ غ  ϴ κ  Դϴٿ  ó   Ϸմϴ  1set õ Ź帳ϴٷ 1   θ ϴµ  γ׿䰡 ϰ 1set ٸ缭 ̷ غ  ⺯  ԴϴټԵ õ Ź帳ϴ,M̳ ml׼ 910Ʈ  56õ ջ 081ȣ  ð ŷ̳쳪 Ż  ٵ ǵ ؼ ϳ Ͻô° Ф  κΰ Ͻø   ä   볪 볪   մϴ  ʿ 亯 մϴ ׿  µ  ༮ ¿ ⵵ ϴ󱸿   ε Ͻǰ̴ϴ  2530׶ް ķĺ ٵ ݽ𿡴 ƹ͵ ȿöٵ亯 մϴ   ƿϷ ʹ ߿  ȵǴ󱸿 Ф  Ϸ ˾ƺ Z °  ̺в 󺸸鼭 ãҴµϿũ ũ ÷ǽ   õϽô󱸿 ٵ  Ҷ ˴ ǰ̾  910 ̿ 缭  ns㸮 μ 962mlµ ʾƿ     56000õϼ˴µ  3000 ̱ xhgõ962μml 20ƽ4000xhgȴµ  3000̸ ҰŰ󱸿亯 մϴ  ؿ俵ݶѴ뱸 ̶  帰 Ʃ ȫϴ° ƴ  ƿ   汸 󸸺 Դϴ٤ФФ ñ  ãƺø鼭  ٸô°͵ Űƿ
179,ÿ ذɸ Ѱ̶        ,  𷡹ٴ ƴѿ ̸° ذɸ Ѱ̶ ݾƿ Ʈ  ̰ ذɸ  Ƚ  غ ƴ°ɱ׸ذɸ    پѰ˷ֽ Ե Ź帳ϴ ,ذɸ ؼ ٴ ̾ϴٹٴٹٴڿ äⰡ ƾ߸ Դϴٹذɸ      Ȱ ٰ ϱǻ ذɸ Űǰ طӽϴٹذɸ ִȮ Ⱑ  ̱ ұٵ  ذɸ ʹ Ѱ Ʈذɸ ذɸԴϴ ô ذɸ  ҹذɸ  ٸ  ׹ ׹ ǥ  Ұ̰ 絵  ٸϴ ذɸ Ÿ  Ÿ ̰͵ ƴմϴ ذɸ   Ⱑ ֽϴ 𷡿  鵵   °   Ư ° ؾߵ˴ϴ ׳ ذɸ  Ʈ Ī  Žմϴ ̰͸ ɸٸ  մϴٶ ذɸ ε嶯ų ϸ ε    ϴ 尩 ž̵忡    Ʈմϴٹذɸ ΰ  ״  Ʈ  ذɸ ϳ   ׹ ذɸ ְҿ    鼭 ϴ ǵذɸ ϸ   Ʈ ͹ذɸ ٰ Ⱑ    ʴ ä  ü  Ȱ̶ ð  Ծ ذɸ ° ְϴͼ ѹ Ҵµ ذɸ ټִ ذɸ ʹ ¥ 
180,NS Ȧ Ƽ 25 450 ô  ұ        ,Ե  ߿ ִµ ô  ٴϰ ʴϱ NSƼ 25 450븦 ϳ  ֽϴٹٴ ÿ ε ˰ ֽϴٿ Ͽ ̷ε忡 30ȣ ߸ ް  غôµ    ϴ乫 Ǯ غýϴ   Ȥ ̷ε 2530ȣ ߴް Ǯ غ  Ǳƴ ̷ ε  ϴ½ô Ե ø  Ź帳ϴ̰  ó  ֳᵵ    ¥  Ե  Ź帳ϴ,ε忡 ̴ϴٸ ķ   ó  𸣰 ô  ġµ ĳýÿ η  Ҹ  ߽ϴ   Ҷ ô  Ȱ    ϳ ؾ߰ڱ մϴٵԾ ߿ ѷ20ȣ ķġŵ ɵ25ī 25ȣ ķĨϴٱٵ ε带 ϳ ߾ī밡 ҽؼ䤾Ե  帳ϴ ̿ Ӽt ϳ ϱ ߽ϴ
181,  ر ù  Ʈ         ,  ط ģ  ϶ µ   ϴ ģε   ; ̷  ÷    ̱䱦 Ʈ    ּ,ؼϰ ذɸ µ  ģ  ű ٸ  ´ٴµ⿡ ʿ ӿ  Ҵٰ մϴ
182,λ 뺯 µ        ,Ϸ λ 뺯 µ ϷƴϴƮ   õ  ּ,Ʈ κ Ʈ ϴٰű⸻ ٸ Ʈ  Ʈ ŤФ  1 Դϴ  ⸸ ͶФаű⸻  ع 7¥ Ҿ մϴ ôº ִٴ    Ѵϴ Ƚ °Ŷ
183,    Ͻó        ,ȳϼ 볬  ϴٰ ܿ￡ ߿  Ϸ غԴϴ٤ٸ ƴ϶    Ƽ 濡  ȵ 󱸿Фа ִ ¿ε 2 ӶӴ մϴٴ̿ ũĳ 4500 2ε ġ׿ Ÿ   Դϴ1  濡 ε  ä ¿ ΰ  ȵ ׿Фдٵ иؼ Ͻó2ġ   ٴϽó3Ȥ ̶  õ  ִٸ ֽ  Ű ϰڽϴ٤Фãƺ  󱸿մϴ٤,䷸ ٳ   մϴ Ŭڽ  7000ΰ ϳ ұ䤾ѿγ 7õǤõܰմϴٷε鿡 ε23  1803ġ ȣ9000  23 ä׺ 510    ͸ ηorĭorƹڱ⸶ǰ  or  ε  ް   ȣ9000 ȹſŰٵ   Ͻô±䤾մϴ  ǲ 79õ ž ưưմϴ ҰΤѰ ó 尡 ѹ  ߰ڽϴ٤մϴѿμ ʼԴϴ٤ ſ  ٴϽôٺ   Ͻǲ ̷ ϴ
184,±   Ʈ       ˾ ýϴ        ,,׻ հ    ֽϴ٤ٵ 극ũ    ް  ΰ ϰ ׷ θ ־̰ ̳  ؿϤȭ ׷  鼭 ñ߾ϴ٤ 亯 帳ϴٺ  ּż մϴ ׻ ۾İ ߴ٤ ׷  ȭ츮  ϱ ׷ٲ׻   ֽϴ  մϴ   ʹ ׿ǰ  ϼ  ʹ  д       ư ϼ̽ϴ
185,  ؼ  ϴ        , ħ  ð  2ÿ  ƸӸ ؼ    ϴµ   Ѱΰ ̵ ϴ,߿ٵ ϼ伱     ٸ ־ ű⼭  Ÿ Դϴ ű⵵ Ⱑ ٸ  ó ̴ϴ Ⱑ   ؼ忡 ⸦  ٴ ̱տ  ׷ ̹     ڳ׿伷̤õŸ ùó ﵵ  ְ  ߿ɴϴٳ ߿ ¶  ٰ ô° ƿ伭ذǲ     ñ ɱ ãô° Ʈƴұ ˴ϴ ̶  Ȯ   ̾߱ Դϴټ ̶   
186,λ ÿ         , Դϴ÷ ø غ ø  ߴٰ    ϴ   ϴٱٵ ÷  ߴ  ׿Ʈ  𸣰ڰ Ⱑ  ϵ   ϰڰȤ λ   ٴϽô е ߿  ֽ ø ϰڽϴ   ֽø ϰڽϴٺŹ 帳ϴ, ó Ƶ̶ ٴϸ   ҽϴٺλ Ʈ ˻غø  ְ ä Ҽ   ѹ   Ʈ ƴϸ    
187, ó   Ѱ        ,  ±迡  «ѹ غմϴ   ѹ غ Դϴ  ä  Դµ    ù ̸ ˷ֽø ϰڽϴ,ֺ  ƩϽôº־䵵ٸô ˻ѹغ̴ ֺ غ ۰ִ°ƿ  ãưžߵſ ٿ °Ծø˴ϴٱ Ʃ  ˻ϳ䵵ٸ𸮤Ѽ ˻غð ϰ غ ٸ ְڳ׿买դѼմϴ̰   󼭿 ٶ̰  İƿ դѼʺ ġ  䤻
188,ǳ 2547  Ѱ        ,¥Դϴ    ðµ   ǳ2547 ̶µ   ñմϴ,ƴϿ  ׳ մ° ô°  ϴ7ǵ ϱ ƮƴѰ     ڿر Ʈ ʼ ȯϸ 12ms  24msԴϴ   մϴٴ亯 մϴ
189,ȫ ù        ,  ؼ ó  غôµ  ٶ  Ҿ  ø ϰ Գ׿     ׿ ôµ ó  Ф  ȸ ٷ ı ܿ ȫ  Ʈ ° ϱ ƺ̴ ѱ ܺϴ,ȫ ǽǾ   ġҰ縮Դϴ٤̤ Ұ縮 ׷  մϴФ ȫ ǽǾ Ʒ Ұ縮 ܵ ȫ  Ұ縮  ġⰡ Դϴ ȳϼǽǾ ֵ µ ȫ  ׳ ߳Ϳ뿡 ٶ󺸸 Ǵµ 谡  峪 ϸ ε ɼ ִٴ  ֳ׿ װ ó ĳϴٰ ǳٶ  ĿƲ   Ͻ װ     ̴ 
190,        ,ٶ  ö, ٸ ųη Դϴٿõ  Ѽ ϼ̳׿ϵ帳ϴٶȰ ӿ µ  Ȳ ѰⰡ ̤̿ưȳϽþ  ̽  ϵ帳ϴ
191, ؾϴ   ˷ֽø ϰڽϴ        ,ī信 ۵  ؼ ϴ     ̸ ؼ ϰ   ϴ   ͵ ִ˷ֽ  Ե ôٸ  ϰڽϴ, ְ ̿ġ ǥ ƴұ Ȯ߽ϴ մϴ  ɸϳ׿ ϼž ִ 4 ޸  մϴ   ̰ ؿ  ƴѾ鵵  Ǽ    Ŵϴ   ׸ ϼ丳׸ ֱѵ Ź Ⱑ Ƽ  ȰԵǳ׿ Ф  ׸  ϴµ̶ ſ  Ⱑ ֽϴ ֱ   ε ø    ð ñ ļ ̽ڽ ־ ҷ  ø ǿ䤻 ƽԵ ̴  ȿ     غ ٻڳ׿ʺѼ
192, ȣ Ҽ ǵ帳ϴ        ,ֿ   Ǯ ʷ  Ϸ մϴپ 󸶴ٿ ٳԴµ ģ ħ밡 ʹ  ٽð ׿Ȥ ʿ 󸶴ó ȣ̳ Ҽ տ   Ѱ 䳬̴    Ű  ʽϴٱ׳ ϳ ۶° ؼ,  õؼ ϸ ؼ ۵ ؼ ó  ٷ տ ɾ غ  մϴٰմϴ ȣ տ Ŀ ȣ ϰ Ư ħ밡 ̽䰨մϴ Ǯ  ѹ ߰ڳ׿ؼ ƹ̰ƹ̰ Ҽ   ԴϴҼǳδ  Ȱ ߸  ū ҼԴϴ̷ þ⳪ ޱ ̴ϴٰմϴ ѹ ˾ƺ߰ڳ׿
193, ñ⿡          ,12 ̳ 1  Ϸ   ϰ    ϳ䰨  ϱ, ٸ Ұٸ ٸ乮ġ ݾ䰣 ̽ñ ش  ϲ ׿䵿ش ݾ  ٸ   ġ  ǰڳ׿䵿سα ٸ 13  öɴϴ ۳ μʱ 帮鰢 ٸ̷Ȳ  Ҿɹٸ ػﵵ ׿ýϴٹ ݾ   ҹϰ 󱼺 ٷ մϴ
194,غø ַϴµ        ,ηڿ Ź̳ʾ  ִ  ĵ ߱Ⱑ Ƴ׿ Фȭ¾ϴ ,ηڿ  ְ  մϴپ ԰ Ǿָ Ǵ°ſ̼֤õس ìϳ׿ ̷ ȭ Ϲ µ  𷡵 ȵ׷䰡ϴٺ ִ ¹ ̾׿ ϴ ȭ Ű η   ĭ ϴغ   Դϴٵη̳ ĭ  ִٸ ö  ϴ ﰢ볪  ô ״㿡 η 𷡸 ĭ ִ  ô  ĭ ִ    ۰ ׾ȿ ηڵ   ְ ͼ  ι ôϽø ˴ϴٿξ     䤻    Ǵµ Ź ﰢ ü    Ƽ ۰ ־ ũ 幮Ǵ亯 뤻  ǳ ϴµ ȭŰ ĵ  Ÿ̹  ص и ѹ ȭ ٴ幰 䤻     ˰ͳ׿ũ 亯
195,ô ǰ̿        , ʴٴϸ鼭 ôε ô밡  ̶̾ؾϳ ư ׷̰ ź־̰ ƺ̴󱸿 ôϱ,̿ Ӽʹ̶⺸ 迭ΰŰ 丶Ƽ  ns Ȧ  ־ȣ ؿ̰ǹ볬̤Ѽ ô뿡褻
196, ٴҶ Ŭڽ ϳδ  ʳ        ,ʺԴϴ  1Ʈ  ִµ  Ϸ    غ ô  ä 巣 尩 η ĵ忡  ͵ ٴ   ϴٳ  غ ȣ 7070 ִ ְ     ô̽ȣڽĵη  ٴϰ Ǵ󱸿  ٴϴµ  1Ʈ  Ϸ Ϸ  ũٺ ȣ ҵ մϴ ̽ ڴ ٴ   ȣ ڴ  ҵ ѵ  ϴµ  ̴ϸֶ  Ե ּ, ϳ ɵɰŰ ̽  ̳ѱ ̿ͼ ִ° վ   ̳   սϴ ݱѼ ˾ƺ ڳ׿ ̽Ѹȣķڸ ְڳ׿ݱѼ亯մϴ7000ϳ ٳֱٳ 7070  7000 첬 ׷̳ѱ̰ ǿܷ ̰  󱸿 ䷸ ؼ ٳŬڽ 7000 Դϴٺ  Ͻó
197, մϴ        , Թϴ Դϴٿ 30450 ĳ1080 ԿԴϴٿ ջ糪Ϸ   ؾϴ ñմϴٰԵ õŹմϴ,Ϸ Ͻǲ 5ȣǴ 6ȣõ帳ϴٰմϴٳðô°   ޸  ð մϴٹذɸ ϴٸ ջ3ȣذɸ ̴ ׷ ѻ 1ȣ 2ȣ ذ  ׷ Ϸ 5ȣ6ȣ Ǵ Ϸ 3ȣ  ䷸ ø ˴ϴ մϴټʿ ջپ ջ3ȣ ϴ󱸿䤵رϰմϴԹ ϴ ջ簡  ϴذɸ äս  ȵɰɿ δջ ϸ ٴø ŵָ̹  ߰ھ մϴٶ  8ջ3ȣ ᵵ   ŵ
198,ȳϼ        ,󳬽øϴٿ÷ ٲ㺸 غϴ ʺԴϴ, ݰϴٹݰϴ ȯմϴپݰϴǻ ݰϴȯմϴپ ݰϴ
199,ι  Դϴ        , Ŀ ƴ԰ Բ  ⳪µ 볬̶ϳ  ؾ װ͸Ͻð  Ϸ ϴµ俰¡  ִµ ̰ ȸ 1 ιϴµ ̳  ٴٵ  ôµ ۽ ϰԵǾ  ϴ  ϴ ׳ 2  ι ؾߵ   Ź,ι  ü ִ   Ǿ   ٴڿ  ɾ Ƽ 翬 ؾ ׾ ̰ ٴڱǿ ִ   ƴϸ  ؼ    ٵ ¡ ι̸  ؾ ׾  ߸Ծι  󤾺ؾ  ٸԾ  ܿö  Ϳ  ϵ  ⺻  ްϽð  īä  жְϼŵɰŰƿ ԰ڳ׿ٵ ̶ Ⱑ ȿõ16ȣ 20ȣ ߷ û ɾ ġ50cm ƺþ ٵ  ̶ ع  º  ƿ Ѹ⺻ΰ   ؾ ׾ 븣°ǵ   ߿׳ ι ̿    簡ڽϴ  Բ  ޶ϱ   մϴ ι   볬  ϴٰ ֱ   ٿ   ׳ ƴ   帮а迭  2  ƺڽȱŸ      迭 𺸸    Ϲ ú  ־  ܴϰ ĥ  ϰ⳪ٴ  ޸  ٴÿ ź ũ  ǰ ޾Ƽ  ٸø ɰ̴ϴٺؾ ̳  ص  ȹ 鸸 ޶  Ͼ 迭 Ͻô° Űܿ￡ 빰 Ѱ ϵǵ̸ Ѱ ġô° ٰ ϴ   ٴ ÷ ġ ī  ϴ  ǰڳ׿ؾ Դ ̳        Ծ  ۰  ι     ǰڳ׿   մϴ
200,ֵ           ,  ䷸  ״  ڱڤ ׷ ο  ߰ Ǿ 󱸿  ,ֵ ó °Ⱑ Ƽ ֿ  ϸ ڴ߰Ʒ ΰ䤻ֵ ݰ ƴѰ  ֵ    쿡 ְε ̤  ȸ  ƿ
201,ۺ ų         , ߱  ÿ ϴ ۺ ų  ҽϴٿ 10ȣ 30ȣ پϱ⿡ ̳  Ҽ  Ƽ䳬ø  ䷸ɶ ƺդ׸   ׽Ʈغ  ٴ ѹٴú  ѹٴ ذɸ Ż⿡ 󱸿䤾 ٴ īο  ϼ,ϴٻġ ߴµ  Ȱ ִ ε  ɿȣ ٵ ޲ٹ̰ ٱ׸ Ƿ ƾϷư ű ׿ 
202,ô õ ٶϴ        ,췰ڹ̱ ø  ׸ ҷ ϴ ʺԴϴٳô õ  ٶϴ, Թ ô 뼺ĵ õմϴ٤غð ڽŰ ´´ٸ   Ͻô° ݾ״밡  ʿ Ȳ ø ĵ  1ȣ      ƴ϶  μml ϳ ɲ ΰ  asҷ ô°     õ   ƴϸ   ϼž   ϴ٤̤    ִ ֵ̱ ʹ ū   ִ ݾĿŸ 1450 ŵ Ǳ ĵ⳪  ż ⺻ ̽   ϴ
203,  ó         ,ȳϼ䳬 Դϴڷγ ̺ٴ  Ҷ Ʈ ߴµ ׿̤12 19 ȥ̶18 Ϸ   մϴٸ 뿡 ó󳬽ð ٷ տȣ ִ    ö ϴ   Ʈ 丮Ʈ 涧 Ծµ ׶  Ҷ ó Ͻźе  ˷ּȤ ̳ ְԵ  ͶŹ,  ø ո ǵ  帳ϴټ븻Ͻô°ź ñ ݴ ø  Ұ  ֽϴٵ1аɸ ԴϴٿҰѰþ  帳ϴȮؼ ſ ϰ ڽϴٿ   ϴµ ո̶  
204,  ٶ        ,   մϴٹٶ ̺γ, ٶ Ⱥγ׿䰭 عƺ ѳޤѰ亯 մϴټʴ û ִϴ ̤  ǳʰ߰ͳ׿ȣε ٶ Ҿ Ф
205,޽  1ֳ        ,ȳϼ Ĵ Դϴ  ϸ鼭 ޽ ˰ԵǼ   1 Ǿ׿ð  ׿ ϸ鼭 ޽ ȸԵ    ֽð    ˷ ֽ п ݱ   ٴϴ° ϴپε   Ȱ ϰڽϴ ,ǰ  ìðȭԴϴٳ մϴٰǰ   ϼ մϴ
206,Ʈ ֽϴ         ,ϴ  Եϵ1226 27 ø  ε26 ģ 27 ƹ  øϴٰÿ ް  ִ Ʈ˷ֽø ʹ ϰڽϴ  ް   Ʈ ʹ帳ϴ ,
207, Ʈ Դϴ         ,     ߿ 18뿡 ϴµ  Դϴ ,   ٶҰ ºΰ ̳  ؼ ǽü   ̽ üְſ  ǽũ ̶ ߴ  غžϰ κ վ   췰     ũ ¿ Դϴ ȿ   վ    ַ ðܿ ϴ  µ   Ȱ ۽ϴ ì ðȭ Ȯ  ˼ֳ  ׸ðȭ  ߿ ķ ̿ī  Ե̶ ֽñƽ
208, ջ  õ Ź 帳ϴ        ,ȳϼ Եø ̷  󸶵 Դϴٹϰ ϴ   ջ ٿ  ǱԴϴ 8ջ  jox ǰ 0ǻ ջ  ַ ̿ϰ ִµ׹ٴٿ ֺ Ͻô  ż ޾Ϻ ϳ Ÿx    j극̤  m ҿ ǰ õִ׷ ñϿ Ͻ Ե Ͻô ջ 귣 ǰ ñϿõŹ帮̷ Ƿʸ  ǵ帳ϴپ ַ    ֳ  ױ ְ ֽϴ,      ٲݴϴ   ε    1ȣµ     ȴ    ٷ       Ÿ  Ÿ ߳    ° ε     û ϴ Ѱ 缭  ֹٲݴϴ  Ѱ  3⾴  4ȣ   1ȣ  Ȯ ־侵     лؼ   ϱٻ缭 ְִ° ٰ Ͽ  ֱ׷µ Ǵ  ϴ  ׷ ǵ帰ſ  1ȣٷ ȣѴ翬  4ȣ ɾ     Ȱɸ ٷ ϴٿѼﰭ ׷ñ䤻 ߳׿ǽ̿Ĵ 9900 300 8ջ õմϴ ְٸѰε ϴپ ְִ ۱Ԥѿ  ̶   ױְµ Ϸ 5ȣ 83ȣ ΰε  лְϴ ұݱ⶧ ְݴϴ   곻񸮰  װ ϲФ Ϸ 67ȣ  ø Ȯϰ  1 Ѹ̰ ְ   2 ƴϴ ҿ   ̴̾ ƮĳƮx3 3 ְ  12ջ  귣 γ ȶ   ȣȣְ ѰŸٰ  ִ°  ְ ׿  Ǻٴ ױ  Ͱ 
209, ؾ ֺ    ı        ,ָ  ؾ ֺ   ø߽ϴ  ٷ ϰ ٶ ʹ ϰԺҰ ߿ ӽð  öϰ ̳  ̷ְ ֺû ö ߽ϴ  ٶδ  þ  °,߿   ̾䰨 մϴٱ׷  е Ծ  ߿ϴٴ  û ÷ȽϴپƵ ٸ ũ׿䰨 մϴٹ  ϴ  ˾ҽϴ ̳׿
210, û ٶģ  ʿı        ,Ϳ̰ޱͿ̺Ϳ   3µ ٶ ߟm հ ɸ԰ٰ  Ѻմ  ݴճ׿  ٶ߿Ѱܿ￡  ôنǴµ °  fµ   ġѵ ̰   ջٿ 帧׿䤾  ̹ ȭп ߿Ǿ׿  ߶Ǵٸ ־  ġ ٳ߰ٴٴ°Ͳóʾ ϼ ,Ͻó׿  ٺ ϽǸ Ҷ O̴ٴ ̿
211,   帳ϴ        ,ٴ    ؼ  ϰ ִµ ⺻ ִ  ٷ ϴ´ ʹ ̰   ˻غϱ⺻ ޷ִ    ̶ ؼ ⺻   ο    մϴٱٴ      𸣰ھ 帳ϴ  4000 Դϴ4000    õŹ帳ϴ,  ջ23ȣ ̷6ȣ ô󱸿 ׷亯 մϴ  ſ  ϼ8ջ3ȣ 幫մϴٳ̷6ȣôµ  þ°ԽȾ ջ縸 մϴٹĸ  Ÿϵ󱸿 մϴ  ó  ԰ ׷  ջ ٴ Ϸ   ջ Ͻô  ߱ջ簡 ׳ ̴ϴ ĳϽǶ ջ 尩  ϼ ׷  մϴ   ϼ4000̽ø ջ2ȣ  4ȣ 1215m  ϴջ ˰ڴµ  ΰǪ̸õǪ̸õũ Ͻø ˴ϴ82ȣ 30ȣ ĳ    Ȯ  ĳ Ҷ     ջ  ĳýÿ ƿ ְ   ϴ°  մϴ
212,ڿ´ ô        ,ŷ ´볬 Ϸ ε带  Դϴٿŷ н μ 862ml 902ml ߿ Դϴ̰ɷ ´뿡 Ϸ ʹ ´뿡 ĳϱ     𸣰ڽϴ´븶 Ȳ ٸ,Ȳ Ȳ̱ѵ  ڿ´뿡 862ml ߽豸 ŷε Ͱϴٰ ´뵵 ֳ 8Ʈ  Ʋ Ͻôµ  ׺ ȥϼ̽ϴٻ  Դϴ´븶  ٸ׿ ڿ ´  ٸ    ߾  ص  ġ  Ҽ ְ   µ   ö   ϴڿ ´    Ǿ ִ ´밡 ִٸ Ͻôµ Ѵ  ϴٱ׷䰡 Ȯϰ ߰ڳ׿䤾´븶Ʋϴٴ䳬ô ϴ°ֽϴ942µ Ծ䤾  ٸ ̶  缼´븶 ٸϴ ̸   ð ɵſ  μ 862902 ִµ    ٳϴ 10 3 µ    ¸ Ǿ ־  ̷ ġ ߽ϴٵι° 862 ó缭 µ  ° ٴ ġⰡ    ô밡  ؼ 2¥  ô ߽ϴ
213,ô õŹ帳ϴ        ,ø  1޵ ȵ ʺԴϴ ° λ̶ κ  ̳  Ȱø ַϴԴϴ ƺ  35CM¥ Ѹ Ǳ ׿ܿ ̳ վ ġ  Դϴ  ϴ ô밡 η  αԿմϴ ȣϴ° ̸ õ  غմϴ   ִ ô밡 ϳ  ŰƼ Ź帳ϴ ݴ 5 ̸ ֽϴ   ִ°  Ĵ 4õ ޸̶Ŀ Ǹ Ŀ÷ 4õ  ֽϴʺ ׷   ϱ⿣    ֽñٶϴ Ф,ĿŸ մϴ  3 ôµ   ׿ĿŸ13ִµ 3 1Ͻô°ǰ    ô ̰ 270M¥ M¥ ߵ佺Ѻλ̴  а 450  ôµ  Ѱ    δ㽺ø 360   Ẹð  ε ٲٽø ɵմϴ Ȥ غ ϽǰŸ 450  õմϴٿŴϾƤѴ뱸 մϴ 450 غ ٽϴ٤ Ȥ  ä  ֽ    Ź ߿ ̸  ٸ ϳ 󼭿̤̽Ѻλó ߰  ƿ  ڿ ƴƴ ø鼭 ä ô° Ͱƿ ۷ν ص帮 ̤ ǳϱ  ⺸ø   ƿ ø ɰ̴ϴٿŴϾƤѴ뱸ð 亯 մϴ  äѹ ãƼ ߰ٽϴ٤Ѻλ ȳϼŴϾƤѴ뱸 ȳϼ մϴ8 ݳѳ׿  ִ ݾ״밡 5̶̤
214,          ,      ,ٸ
215,ؿƮ ˷ּ        ,   ķҸѰ õŹ帳ϴ    ҸѰ ֳ ,
216,ȳϼ䳬Դϴ        ,ø ;⼭ ö õۺô µƹ͵𸣴ʺ ̤ߴ ù 25ȣ30ȣ ؼµٴÿ ̳ް ǳ췰ƺ ΰ伱Ե鵵ּ,ϱ⿡  ϳ׿ȭ ǥ ñ ߵ鹰  Ͻ õ帳ϴ ذɸ ϰ   ̶ ĳ Ͻñƿȭ   60 ̻ ž մϴ ￡ Ÿ  Թڵ   ̿   9  ÷Ҷ ȭ 췰 2  1 ߾ ֱٿ и  ϱ   ϳ׿   ⲯ ø ׾׿ٶ̶  ŰἭ ñٶϴ  ׷亯 ʹ մϴ ȭ ٳͼ ıⳲԿ
217,ܿ           ,ܿ  ϸ Ѹ   ̳ ֺ ־Ƹ  Ҽ ſ,ֱ Ʃ  ٷδ  Ʃ ε ƾ߰ڳ׿˰ڽϴ ް ϸ ؾ  Ϳ  ݽñ⿡ô뿡  ް  ٱ   ߰ҳð¾߿ﶩ  ؾ  Ȯ ƿ ܿ￣ ̳      ϴ   ؾ̷̾ߤѱֳפ մϴ ׳ ޸  ̶ ; °Ŷ浵 ʹʹ ݰϴ 
218,ܿ￣  ش ƿΰ        , ϳ ģ  ϴ ̷ ҳ׿ִ  ִ سص   ð ʹ μش  ŷðܿ￡  ƿΰ׷ ش ؼ ԵǴ  ޶鼭 ܿ￡ ð ϴ , ƿԴϴ  ƿ ̷ ϴ е   ϱ⵵ 伭ش վ ݰݴϴ۳  õ  ñ 12    վ14 ߼   ٸ 뷡 վ   ƺó׿ǻ 1  ʺ   ̶ Ͻô° մϴ 췰 佴۸Ŵ ϱŷδ¤Ф    ϴµ     Ҷ ƽϴ Ф
219, Ѱ ֽϴ٤̤        ,ȳϼ ֱٿ  ÿ  ƴƴ  ٳ  վۿ  غ Դϴ  Ѱ ø ϽŴٴ ۵   ģ Ѱ µ ĳ Ÿ  ȳͼ 6ð ѹ  ԾµФ ̹  Ǯ ̳ ݿ ѹ  ٿͺ ϴµ ģ ̹ ȭ뱳 ڰ ϴ󱸿 Ȥ ȭ뱳 ϱ⿡  ׸  ä  ϰ ׳  Ĵ 20ȣ ߸ µ 30ȣ ä Ĵ° 缭 ״ ᵵ ɱ   ¹   ϰ Ӹ   ɱ ƹ ׳ ̴ ̺ ξ  ۴󱸿 ϰ ø ո  ѹ  ڳ׿̤  ݾ ĿŸ1 450ݾĸƾ5000 3ȣջ Դϴ,° ġð ż  Ͻð ȭ뱳  ɾż     Ҽ ־ä    մϴ̴ ַ     µ  ϱ  øǱ䳢° ؿ仡ڤõäðɾֽø  ڼ ˷帮ڽϴٻڤõ̰ ʹ ģϰ մϴ٤̤   Ƴ׿ մϴȤ °̼ ȭ  ɾ° ɾҰ䳪ʶѼﰡ 5 ȭ뱳   κ ſ   ǵ  ξ ϴپ  մϴ ݿ  ȭ뱳 Ʒ ߾ϴٹٴ  𷡰 ٶ⿡   ƴ  ϴȭ      Ҵ  ϴٺ ɹ ް    ؼ װ  δ1ð  ٰ 10ù Ʈ ãƼ ޾ վ 3 ߽ϴ  1 30450  ũĳ5000  5ȣ  25ȣ   մϴ
220,  ٴð ñ        ,ȳϼñ  ۳ܺϴٹι  ߿ Ǹ   ū͸ 븮° ƴ̻ ٴȣ ̴µȤ  ٴû ̴ ñմϴ̽Ŵٸ  ̽ô ñմϴ٤,  4ȣ ϴ 20ȣ 10ȣٰ߿  16ȣ 6ȣϴ
221,Ե  ù  Ź 帮ڽϴ        ,ȳϼ ʺ Դϴַ     Դϴ1 304502 30H420 ⼭ 30H H   ϴ  𸣰ڽϴپĳ 1060ĳ 1080ĺ ߿   ̳׿ĺ  ٸǰ鵵 õ޾ƿѽð ּż  оּż մϴټԵ  Ź帮ڽϴٳ  ׿  Ͻðڷγ ϼ      ,H ī ڷ Ϲ ī    پ ī     ε    ̽Ű  ݰ    30450 ְ 2 ֹ߰ ص ¿ ̴  ޾ּż մϴٸ  ó޽ 23 ε  ̸  ȳ ̹ 2 ֹϸ鼭 ĳ 1080 ֹ߾ 1060̶   ߴµ    1080    °ŰƼ ̰ɷ ֹ־׾䤾 ݰ׿ֹ̤ؿ ޴  ߿  ޸Ʈ ְ ϱ ɷ Ͻ ɰŰƿ    ̶ ũ ٰ̾ þ ̤־Ѱմϴٿ ó Ͻô ̸ asؼ  Ҥ 1060 1080 Ѵ ϴٵ ߿ ΰ    ִ ǰ Ͻô°   ϳ׿䤾  1060 25450 ֽϴٸ 10601080  Ҽ ִ ǰ ̽ϰڽϴ ô մϴ  2 ĳ Դϴ30  530a  ĳ 110030h430  ĳ 1080 Դϴپĳ ̴ Ǯ ̷ ˰ֽϴ 󸶳    ִ ū̴ °ɷ Ȯ as鿡 δ   ϴٰ ˴ϴپĳ 1080  ջ 3ȣ    ⳪޽ 4ȣٷ Ƹ 200m  ɷ ˰ֽϴ1100 300mΰ Ű
222,    ϴ ɱ        ,    Ϸ       ö ġ߳׿ƽԵ   ߳׿ö Ѿ       ׹   ġǾ  ü ϰ  ߳׿׳  ̵     ε ʹ ƽ⸸ ϳ׿, ̤б׹ Ʈձ ĳ ð 䳬ķ α  þ ޾Ƽ  1ȸǰ ⵵ Բ þ  ü   ÷ ֳ׿̷ٰ    Աñ Ǵ° ƴѰ Դϴٳ ⸸̶   ø Ǵµմϴٿ ̽ʴϴٴþ α ùǽ ׿侲   ϰ  Ϲݾ öƽ  ĵ ε иؼ    Ǵµ װ ϴ  մϴٹٴõ     ߿  ̾  ϸ Ǵµ    ĸ԰ ΰѴ޿ ѵι  õ  µ     ٲǩ տ  ķΰ  ׸  ϸ鼭 °   ϴմϴٿÿ Ǹ־ֵ ٳµ  ġϴ ֹκе鵵 𸣽ô ϴµ׾ µ ϴ е鵵 ð  ׻         缭 ó  ö öߴٴ Ҹ ȵմϴ4 ݿ ű   űµ  ̶̰ ͼ ñ ϴپ   ü  󹹶׷µ    ˾Ҵϰ  ߾    ų׵鵵 Ʈġ  Գ  ̴   ׸    ٰ  ϱ⵵ ¥   ϰ ٸ  ϱ    ׳     ϵ󱸿׷Կ䰡ϸ ƴ϶ 츮 ΰ   νؾ ϴµ  ׿̷      ׿
223, ȣ    ٳԽϴ        , ħ   ؼذʿ  ٶ󺸰 ħ 9 5 30   ߴµ Ұ縮1 վ 4   վ1  1 ҽϴٱ׸  ktx Ÿ  ư    ־ ҷ ƿʹٽ 꼾ͷ Ƚ  ԰Ÿ  ׷   ½ϴϿ ħ6ð洫 ä ִٰٽ ȣ     ȥ ϴٰٽ ѹ  7ð  Ѵ븦 µ 3  ٸ 1 վ 1   11ð  ԰   ؼ ƿԽϴٿ±濡    û ù ٸ Ҵٴ п ̴,׿  ֿ ѹ  մϴٴִ ʹ    ٳ  ׿ 뷡̰  ϴ± 1 ߰ڳ׿ 
224,´볬ð ϰ 15  лԴϴ޾ֽø ϰڽϴ         ,ʽ ȳϽʴϱ Ե  ϴ 24 лԴϴ ϰ  ø ϴµ´볬   õֽø ϰڽϴٴ    5ȸۿ ȵ ո ݲ   ϴ٤̤̱ⲯؾ ׿ ɸ ̶    ո   ɷ ȸ ԰ͽϴ ׸ 15 ´뿡ø  ̰ 16 ´밡 ƴ ׳  ø  εرǿ Ҹ ҵ ֽø ѳ ϰڽϴ  Ϸ ǽʼ ʽ,Ʃ꿡  ´볬  ˻ غ  ߳ ־    ´   ٳԴµ  췰   ҽϴƩ ۸ ؼ Īϴµ ʺ   غ   ƷƳ׿Ф𰨻մ Ȥ ´븻 ر ո Ҹ ҵ õֽǼŰ״ټѼ  ʿ  غ    𸣰ھ϶ ѿֳ ׷ 亯ּż մϴ社 ù°  Ÿ ǿܷ  ˴ϴ ι° ҸѰ  û´뿡  û´ 16Ͽ ϴ  ´뿡 ڿ  ٸµ Ծ´Ͻø ȵǷ ϸֽŰ ѹ ȮغڽϴپƽԵ15Ͽ ´븦 16 ׳ ٴٿ 񳢸 ϷФȤ Ǳ Ҹ ر Ʈ õֽǼ Ű״ټѼ  ؼ 𸣰ڳ׿ ̶ ´뺸ٴ Ʈ ž߰ڳ׿Ͽ¾ƺõ  ѹ ˾ƺڽϴ Ϸ 鼭 ϽǰŸ ȭ õ帳ϴٳ 1ҿԴϴٱȭ ѹ ãƺڽϴ٤ ؿ
225,λ ׼ ϸ ´        ,11 ݿ ħ λ   ø λ  ؿ ÿ ̳ ϰ  ϴ 뷫 0730 ô ó̶ ø ұ νð켱  Ʈ带 Ÿ ʽϴٱ׸ ȭ  ְ ̵Ÿ ª      Ұ  ʳ׿,  ýϴٿ  鿩߼ո ϵظϸ ´븦 Ȱ  ļ Фаմϴٰ̤Ѻλ߿  ̾Ƶ̶   ٴϴ ÿġ ʳ׿ħ ΰ Ǿ  ߰ڽϴմϴ߿ ȳ  ϼϼ̽ϴ ߰ ø ո ϰ ǰԴϴ1 û 2  3  뺯 ׺α  ߰  ɴϴٹ̳ ġġ Ա׵ λ ؿ븦  ־ ٽú   ε ʹ  ͳ׿ Ϳ ߰  Ʈ  մϴٽ ѹ ¥߰ڳ׿
226,Ѱ  ä         ,12̻ ּ    ä񸸵ⳬù Ե鿡Լ  ̽ ̤غ౤Ʃɵ佺1020ȣõox1ܰ 佺   븦  ݺ౤Ʃ  ɵ ̿  ũ ä غ, Į ڰ  ̴ õ ź ϰ ϴ     Ͻô° ֽ  佺 ä׿  佺 緯߰ھ䤻  ¿  ִ   Ѵٴ° â  غҤ  ʵб ó ηȵ巡     ϱó  󱸿 
227,  Դϴ        ,  Ҷ  ƮƮ û ׿ִ   þ߸  ׿ִ Ʈ ֱĳ̾  ذ鼭 ٰ  ȸҶ ٴðⰡ ƮƮ ̸̻ ;ٵ  ؾ ȸ ߵɱ ʺ ΰ ȳ Ʈ õ غð ƮƮ μغôµ ̰   ƴϴ ߿ ڴ ̰ ñѰ ׿䤾,Ʈ   ƴ ؼ ȸؾ ʳ ǳ׿Ȱɸ   ý׳ þ߳ Ȱ   ķ̴ ۿƮ   Ͻôٰ ū ֱ Ʈ   ÷ߵǴµ ٸ Ե ø  Ÿ ǽø  غ  ô° ؿ  ϴù ÿ Ʈ󿡼ɷ ι̳ Ⱦ̤̰ٹ غ  ϴ󱸿䤾ٵ ƮϽôºе ֺ ñ߽ϴٴ亯 ؿ
228, Ϸϴµ    ̳׿        , ̱ѵ  õ Դϴ  Ѱֳ,ȭµ ̰մϴٿ غ  ϰ ſ մϴ ָ 뿵 ѹ ٵѴµ뿵 ǳ޹ٶ  մϴ٤г ̤̿Դµ ׿亱  ֿаϽðȳϼ ūϳ  Ͻñ ٶϴٰġѱ 㿡 غմϴ ̤̰ ż  ı ּ 1 ȹϰ ִ Դϴ ٶ 峭ƴմϴ  ٵ
229,  Դϴ        ,ҹ̳ ī Ѽ    ص帮̻  ä ٽÿö淡ٷ Ա׹ ä񺯰  2ðϰ öϿϴ ٽ Ƣ óԾµ ,   Դµ  ٶ  Ҿ ٽð ׿    Խϴٱٽóոְھ䳬ô뺸  ͳ׿ ϳ׿        ̳׿   ä  ֳ׿ ּ䳬ù  Ա׹̶ 3õ¥ Ⱦƿ  ġ  丷 ް ø ˴ϴٿѱ̤  
230,122426         ,Ե鳬 ¥   Բ   մϴ12   Դϴ  Ҵ   ¾  ϰִµ ܿö  ر ð ٰ ϴ  ´   ƴϸ  ط  ϴ Ф  ؾ  𸣰ڳ׿  췰   Դϴ,ط ʼ׶뿡    ϴٱ׶ վ  ȳ ñԴϴٴ亯 մϴټ ȳɴϴ٤̴亯 帳ϴ ط  ؾ߰ڳ׿
231,ջ ջ ü         ,   ø Ϸϴ÷̶     Ȯ   ĳ ҹٷ  ȸÿ Ʈ   ϴٺ 30ȣ    äս  ϴ׷ αü Ϸ ϴµ ⼭ Դϴٽÿ  ջ縦  ϱ⿡ Ʊ  Ե鲲 ǵ帳ϴ ջ  8ջ 3ȣԴϴٸ  Ź 帳ϴ, ̾ ô°    ʹ  ªҳ׿䤾ǻ緮̸ø Ϸ  ð Ϸа ջ  ջ  ø   ջ縦 밡ϽǰͰϴ մϴ٤Τѵź Ϸ ̺   ݸ ջ    ջǸ ߶ ٽ ̾ ϴµ ջ簡  ǰų ջ縦  ޸ ջ    ¥⿣ ʹ Ʊ⵵ ϰ ջȰ   𸣰 ջ ٸ ׸ ջ Ѱ 1 ȰŶ ׳  ° ǰ̴ϴ ջ Ѱ͵ ƴϰ ѹ  Ƶ ġ ݾƿ
232,λ ÿ ö         ,     ٸ ɼܿ   ӿ, 뷡   䰨    ö׺׿  ӹٸôڤѺλ īڳ Ͻø Ȯ ſް⵵ ö λ ؽ̶׷ ޾  ö󱸿 ǳ λ 䤻     ٸ  췰   ӹٸ ɼ      ġ    췰   ƺþ      ɼ    
233,ڰ   Ѱ          ,ÿ    ã ݾĸƾ 50007000 ִ  ,  Դϴٱݾ ްĳƮ 5000 ߾µ ڶũⰡ  ʾ    ϱϳ׿ ſ 갡 7000   µ 7000 ¼  ſ     ϳ׿ ׷       ؿ ݾ5000 ̶ ̿  µ  ϴٸź Ⱦ 4500 õմϴ
234,  Ź帳ϴ        ,ðNS ĸŸS 25425߰   ߽ϴ  ĳ ٸ Ẹ Ȳ   ʺ ̴  ɳ ƴϴ Ͱ̷ ΰ Ͱ ʹ Ѱ ƴѰ ϴ ü Ե   ſ ƴѰ ϰ ٴڱ ʹ   ª  ٷ ʹ   ֽ   븦 üұ ϴ  մϴٵμ   Ź帮 Ȥ õֽǸѰ  10  ο,25ȣ ߿ εԴϴ 30ȣ ذ 33ȣ ԴϴٸƮ ġ ſ ſ ٴں Ʈ ߾  ε   80ġ ̻˴ϴ  ̴ ȳ ڽ ġϴµ ̾ƴ̻ ´ǰ߾ ϸ ǰ   84ġ¥ϴٳԴٴ° ĳ ߸ٴ°̴ϴٷε ͳ 4   Թε ݴ밡 810̴ õմϴٹ   ׻ Դϴ ߹԰ 25 ϵ  ns ߸𸣰ڰ ޽ et27425  ̾  ε巴Դ ư´̴󱸿ݾ bt30425  ķĵ ϴٴ´Դϴãƺ Ʈ 68cm ΰ׿̰  ٽ 1 30450  ªϴ    Ʈ ġ ª ʹ丱Ʈ̶̶ ĿŸ2 ͳ׿   ô°ź ûª󱸿 ڼ ѹ Z  ñ ٶϴ װ ϰ ϴپ ׷ ĳõ ׷ ֽ ͵ ¤鼭   ٷﺸڽϴ մϴٱٵ ĳҶ   µ ʿ  ġ ű涧 մϴxxxxx  ǥõǴ  κ  ø ˴ϴ  ȿ xx ȣ     ȣ    󱸿丱Ʈ ̰   ٴ ٸ ĳÿ ´° 󱸿 Ʈ   ϱ ϳ׿䰨մϴٱݾ  etΰô° ƺԴϴټسؽøet27425ؽø ̹etΰô°ƺ̳׿et  
235,         ,  2 ó  غ ƹ͵ 𸣴 ¿ ˴      ڴٰ ģ ø ϴ    10  ְ ģ   ԰  ̰ ſ Ÿ   赵 غ  ڷ ģ  ٳϴ ָ  «              ȥ൵ Ϸ ٳԽϴ ð 淡           ȭ  ģ ô ط   ߽ϴ  4ð ٸ  ù ø ҽϴ    ״ ū ǹ̰ ִ ù Դϴ٤ μ ۵     ð  ̽ е   մ ˾ּſ䤾 ٵ   , ü ¦ Ѱϴ ϼ̽ϴٱױ ٴ ƴ  ˴ϴմϴٰմϴ    ǥ   Դϴʺ̤ѿֱ е ص˴ϴ ׷䤾1993  3¥  ԹĿ䤾ѿꤾ Ͻʴϴʺ̤ѿ־ ־ϴ٤Фи   ϴ ֿ  ū   °ɷ дϴٸ а  Ͻʽÿ ȥ  ϴٰ 3 ϴٰ   ϵ椾ϴپ߻ ߼̱    ƺôٰ Ҽ ־ ƿ
236,ä 帳ϴ        ,ȳϼ ø ַ ϴ  Դϴä  ñ ־ 帳ϴ  Ͷ ɵ κ ٰ üǴ Դϴ1 ôٽ  äε 1ܸ ϴ     ä üԴϴ   ʹ  Ȥ Ǵ κ  ľ    2  ä  ִٸ  Ź帳ϴ,ϴ ؿ ٴʿ  ǵ մϴٻ մϴ٤  ٴ  ¥ ߶󳻴° Ƽ ɵ ϰ ֽϴ߸ŵմϴٳ ƴϽŵä  ܰ ״ھѵٸ ĳýÿ ϴٴ°Ϳܿڿ ֹ ɸֱʿġôºе Ծôºе鵵 ֽϴä ̴ 1m ϴٰ 80cm ٿϴ 2 ä ƴѵ   ʿ䰡 ڴ󱸿ä̵    ְ  ̰ Ҷ õĪ     ̰  ;̷δ ̰  ´°    ƺ Ⱑ ִ 찡  ִ󱸿䤾 װ Ȥ õĪ  ϱ ;  ϳ    ٿϳ Դϴ  𸣴  ֳ ; Ҵµ ū   ð 亯 帳ϴٰäϽô  Űܹٴ ιٴ  غôµ ä񸸵Ƕ ιٴ ä  ϸذɸ Ҷ κ Ǵ عٴ ϳϸ ǰ ιٴ ϴٺ   ְ ε ոǶ ιٴ÷  ܹٴ̴ ιٴ̴ ؼ  Ͻø ɵϰŵ׸ ɵ ǵ  ĳý ǵ ׳ ٿ κκ Ҽ  ĳý  ɵ  ٿ öŸ  󵵰  찡 ִ󱸿Ϳ  ̳׿䤾  2  ʴ  õĪ ޸ 彺 õĪ  2 ٲӶ ᱹ ׻ 1ܸ ϰԵǴ󱸿   ʱ淡 ȭ  Ƚϴ٤ǵ   ġ  ̳׿  ٴ ͠  ¥  ϱ     ɵ ߴµ    ǵ ؾϴ  ־  äʹ  ǵ ؼ ߰ڽϴٴð   帳ϴ  Ǽ׸Ѵǵ Ŵ   ¥ ߶󳻴° ôٴ° Ȥ   ٸ  ٴϴ ؼ ƴұ ϴ  غµ ɿ¸ Ŀ ϳ Ŵް ٴϸ 2ʸ Դϴ  ã ٴϰ ָӴϿ ־  ڸ ٽ ְ ϴ ŷ  ׷ô° ƴ ɵ   ٽ ɵ ְ ϴ°͵     ǵ   ο ֱ  ̰͵   ˸ ׸ ο  ĵ ; ɵ ϴ° 帰   ĳý ѹ    ӿ Ǯ     ä° ִ    ּ  ַ ϴ° ƴұ  ǵ  ٿ ̳ް    ư°    ư°    籸 Ͱ Ƚ Ǵ󱸿 ׸Ѵ ׸ ǵ Ͻô Ʃ ۾  ּž öŽ   ˴ϴ ̴ ä ǵ ص ̴° Ȱ״ϱ 3ѱõ½ϴ   δٺ ŷοϴ٤Ф̾ Ⱑ ʹ  ĳ ̳ ϴ ٴ 򰡿 ɷ ä ̳ ä и ֽϴä Ʊٴ  鶧 ħ Ŭڽ ־ä  ʰִ ģ  ä  ģ ä ǵ  Ƽ Ⱦ ־ǵ  ó Ⱑ ϴ Ѹ ƴϰ      ä  ִ° ƴұ  ģ  ä 2̶ ͺ  Ұ ǵ ߴٴ  Ͱ ޶ϴٳ   ΰ ; ϴ    Ǿ    ġ   ش ã ׿ ƹ غ õĪ   谡 ٵ  ٴϤ ׵ ð  㹫ϰ   ˾Ƴ Ͽ  ϴ   ÷ȴ  ϴ ū ħ ּż ٽѹ  帳ϴ
237,           , ÷   Ҵµ ҷ Ǯ ư  ƼǮⰡ Ƴ׿   ñؼ ÷ϴ,ʹ  ǮⰡ ƴ   Ǯٷص ѹ  ϤФФǮַ   ո 8  ƹ⵵½ϴٳʹ  Ƽ ۺ  ƿ    ä ܹٴ÷ ϰ   ߰   ׷  ˾ƾ  ϴµ ׷ ϾƱ׳ ȹٷ  εĿ Ȱƿ Ű鼭  Ȱ Ҵµ Ѹ       ٴ Ǫ ȸؼ Ŵϴپ  ׾ ȸ Ѹ   ̷ſ䤻 մϴ   ׿ ο ̳׿  迡 ó  ±
238,    ñ        ,  ñ   ٿ,ƴ װ ุ  ħ 2  ̸ پٴ   Ѹҳ׿3ð
239,ݰϴ        ,ȳϼ ݰϴٹٴ ø Թغ; ãƺ ϰԵǾϴ ߺŹ帮ڽϴ ,ݰϴ ȯմϴٹݰϴ ȯմϴٹݰϴٹݰϴ  ݰϴپ ݰϴ
